----
-- phpLiteAdmin database dump (http://phpliteadmin.googlecode.com)
-- phpLiteAdmin version: 1.9.0
-- Exported on Feb 18th, 2015, 12:10:51PM
-- Database file: ./chs/protected/data/chs.db
----

----
-- Drop table for model_numbers
----
DROP TABLE 'model_numbers';

----
-- Table structure for model_numbers
----
CREATE TABLE model_numbers(id INTEGER PRIMARY KEY NOT NULL, model_number TEXT, brand_id INTEGER, product_type_id INTEGER);

----
-- Data dump for model_numbers, a total of 300 rows
----
BEGIN TRANSACTION;
INSERT INTO model_numbers (id,model_number,brand_id,product_type_id) VALUES ('1','AWCT10L','148','1');
INSERT INTO model_numbers (id,model_number,brand_id,product_type_id) VALUES ('2','AWP510L','148','1');
INSERT INTO model_numbers (id,model_number,brand_id,product_type_id) VALUES ('3','AWP512L','148','1');
INSERT INTO model_numbers (id,model_number,brand_id,product_type_id) VALUES ('4','AWCM10L','148','1');
INSERT INTO model_numbers (id,model_number,brand_id,product_type_id) VALUES ('5','AWM712D','148','1');
INSERT INTO model_numbers (id,model_number,brand_id,product_type_id) VALUES ('6','AWM614D','148','1');
INSERT INTO model_numbers (id,model_number,brand_id,product_type_id) VALUES ('7','AWM612D','148','1');
INSERT INTO model_numbers (id,model_number,brand_id,product_type_id) VALUES ('8','AWSM12D','148','1');
INSERT INTO model_numbers (id,model_number,brand_id,product_type_id) VALUES ('9','AWSO10L','148','1');
INSERT INTO model_numbers (id,model_number,brand_id,product_type_id) VALUES ('10','AWCN14D','148','1');
INSERT INTO model_numbers (id,model_number,brand_id,product_type_id) VALUES ('11','AWCN12DAB','148','1');
INSERT INTO model_numbers (id,model_number,brand_id,product_type_id) VALUES ('12','AWCN12D','148','1');
INSERT INTO model_numbers (id,model_number,brand_id,product_type_id) VALUES ('13','AWE512L','148','1');
INSERT INTO model_numbers (id,model_number,brand_id,product_type_id) VALUES ('14','AWB510L','148','1');
INSERT INTO model_numbers (id,model_number,brand_id,product_type_id) VALUES ('15','AWB612L','148','1');
INSERT INTO model_numbers (id,model_number,brand_id,product_type_id) VALUES ('16','AWB814L','148','1');
INSERT INTO model_numbers (id,model_number,brand_id,product_type_id) VALUES ('17','AWB610L','148','1');
INSERT INTO model_numbers (id,model_number,brand_id,product_type_id) VALUES ('18','AWCO14L','148','1');
INSERT INTO model_numbers (id,model_number,brand_id,product_type_id) VALUES ('19','AWCO14L','148','1');
INSERT INTO model_numbers (id,model_number,brand_id,product_type_id) VALUES ('20','AWN712D','148','1');
INSERT INTO model_numbers (id,model_number,brand_id,product_type_id) VALUES ('21','AWN814D','148','1');
INSERT INTO model_numbers (id,model_number,brand_id,product_type_id) VALUES ('22','AWN612L','148','1');
INSERT INTO model_numbers (id,model_number,brand_id,product_type_id) VALUES ('23','AW0512D','148','1');
INSERT INTO model_numbers (id,model_number,brand_id,product_type_id) VALUES ('24','AWM610D','148','1');
INSERT INTO model_numbers (id,model_number,brand_id,product_type_id) VALUES ('25','AWN614D','148','1');
INSERT INTO model_numbers (id,model_number,brand_id,product_type_id) VALUES ('26','AWN912DJ Amica UK','148','1');
INSERT INTO model_numbers (id,model_number,brand_id,product_type_id) VALUES ('27','AWN912DJB Amica UK','148','1');
INSERT INTO model_numbers (id,model_number,brand_id,product_type_id) VALUES ('28','AWDS914DJ Amica UK','148','1');
INSERT INTO model_numbers (id,model_number,brand_id,product_type_id) VALUES ('29','AD278','148','21');
INSERT INTO model_numbers (id,model_number,brand_id,product_type_id) VALUES ('30','AC127','148','21');
INSERT INTO model_numbers (id,model_number,brand_id,product_type_id) VALUES ('31','AC127 SI','148','21');
INSERT INTO model_numbers (id,model_number,brand_id,product_type_id) VALUES ('32','AC169','148','21');
INSERT INTO model_numbers (id,model_number,brand_id,product_type_id) VALUES ('33','AC200IAFP','148','21');
INSERT INTO model_numbers (id,model_number,brand_id,product_type_id) VALUES ('34','AC315 S','148','21');
INSERT INTO model_numbers (id,model_number,brand_id,product_type_id) VALUES ('35','AC315 W','148','21');
INSERT INTO model_numbers (id,model_number,brand_id,product_type_id) VALUES ('36','AK125','148','21');
INSERT INTO model_numbers (id,model_number,brand_id,product_type_id) VALUES ('37','AK153','148','21');
INSERT INTO model_numbers (id,model_number,brand_id,product_type_id) VALUES ('38','AK210IM A+','148','21');
INSERT INTO model_numbers (id,model_number,brand_id,product_type_id) VALUES ('39','AK215','148','21');
INSERT INTO model_numbers (id,model_number,brand_id,product_type_id) VALUES ('40','AK233','148','21');
INSERT INTO model_numbers (id,model_number,brand_id,product_type_id) VALUES ('41','AK259','148','21');
INSERT INTO model_numbers (id,model_number,brand_id,product_type_id) VALUES ('42','AK260IM A','148','21');
INSERT INTO model_numbers (id,model_number,brand_id,product_type_id) VALUES ('43','AK260IM A/AKI 246','148','21');
INSERT INTO model_numbers (id,model_number,brand_id,product_type_id) VALUES ('44','AK310IM A','148','21');
INSERT INTO model_numbers (id,model_number,brand_id,product_type_id) VALUES ('45','AK311IA','148','21');
INSERT INTO model_numbers (id,model_number,brand_id,product_type_id) VALUES ('46','AK314 - BIA_A','148','21');
INSERT INTO model_numbers (id,model_number,brand_id,product_type_id) VALUES ('47','AK314 INOX','148','21');
INSERT INTO model_numbers (id,model_number,brand_id,product_type_id) VALUES ('48','AK61','148','21');
INSERT INTO model_numbers (id,model_number,brand_id,product_type_id) VALUES ('49','AK61 A+','148','21');
INSERT INTO model_numbers (id,model_number,brand_id,product_type_id) VALUES ('50','AK131IA','148','21');
INSERT INTO model_numbers (id,model_number,brand_id,product_type_id) VALUES ('51','AZ091','148','21');
INSERT INTO model_numbers (id,model_number,brand_id,product_type_id) VALUES ('52','AZ091 SI','148','21');
INSERT INTO model_numbers (id,model_number,brand_id,product_type_id) VALUES ('53','AZ110','148','21');
INSERT INTO model_numbers (id,model_number,brand_id,product_type_id) VALUES ('54','AZ200IAF','148','21');
INSERT INTO model_numbers (id,model_number,brand_id,product_type_id) VALUES ('55','AZ225 S','148','21');
INSERT INTO model_numbers (id,model_number,brand_id,product_type_id) VALUES ('56','AZ225 W','148','21');
INSERT INTO model_numbers (id,model_number,brand_id,product_type_id) VALUES ('57','AZ41','148','21');
INSERT INTO model_numbers (id,model_number,brand_id,product_type_id) VALUES ('58','AZ41 A+','148','21');
INSERT INTO model_numbers (id,model_number,brand_id,product_type_id) VALUES ('59','AZ131I A','148','21');
INSERT INTO model_numbers (id,model_number,brand_id,product_type_id) VALUES ('60','AD277','148','21');
INSERT INTO model_numbers (id,model_number,brand_id,product_type_id) VALUES ('61','AD278','148','21');
INSERT INTO model_numbers (id,model_number,brand_id,product_type_id) VALUES ('62','FC123.3','148','21');
INSERT INTO model_numbers (id,model_number,brand_id,product_type_id) VALUES ('63','FC152.3','148','21');
INSERT INTO model_numbers (id,model_number,brand_id,product_type_id) VALUES ('64','FC156.3','148','21');
INSERT INTO model_numbers (id,model_number,brand_id,product_type_id) VALUES ('65','FC200BSW+01AW','148','21');
INSERT INTO model_numbers (id,model_number,brand_id,product_type_id) VALUES ('66','FC202BSW#05AW','148','21');
INSERT INTO model_numbers (id,model_number,brand_id,product_type_id) VALUES ('67','FC204.3','148','21');
INSERT INTO model_numbers (id,model_number,brand_id,product_type_id) VALUES ('68','FC206.3','148','21');
INSERT INTO model_numbers (id,model_number,brand_id,product_type_id) VALUES ('69','FC230.3','148','21');
INSERT INTO model_numbers (id,model_number,brand_id,product_type_id) VALUES ('70','FC362MSW+07AW','148','21');
INSERT INTO model_numbers (id,model_number,brand_id,product_type_id) VALUES ('71','FC362MSX+07AW','148','21');
INSERT INTO model_numbers (id,model_number,brand_id,product_type_id) VALUES ('72','FC392MSW+07AW','148','21');
INSERT INTO model_numbers (id,model_number,brand_id,product_type_id) VALUES ('73','FC392MSX+07AW','148','21');
INSERT INTO model_numbers (id,model_number,brand_id,product_type_id) VALUES ('74','FD206.3','148','21');
INSERT INTO model_numbers (id,model_number,brand_id,product_type_id) VALUES ('75','FD224.3','148','21');
INSERT INTO model_numbers (id,model_number,brand_id,product_type_id) VALUES ('76','FD226.3','148','21');
INSERT INTO model_numbers (id,model_number,brand_id,product_type_id) VALUES ('77','FK106.4','148','21');
INSERT INTO model_numbers (id,model_number,brand_id,product_type_id) VALUES ('78','FK123.3','148','21');
INSERT INTO model_numbers (id,model_number,brand_id,product_type_id) VALUES ('79','FK197.4','148','21');
INSERT INTO model_numbers (id,model_number,brand_id,product_type_id) VALUES ('80','FK198.4','148','21');
INSERT INTO model_numbers (id,model_number,brand_id,product_type_id) VALUES ('81','FK213.3','148','21');
INSERT INTO model_numbers (id,model_number,brand_id,product_type_id) VALUES ('82','FK292.3 F','148','21');
INSERT INTO model_numbers (id,model_number,brand_id,product_type_id) VALUES ('83','FK310BSW+01AW','148','21');
INSERT INTO model_numbers (id,model_number,brand_id,product_type_id) VALUES ('84','FK312BSW','148','21');
INSERT INTO model_numbers (id,model_number,brand_id,product_type_id) VALUES ('85','FK312BSX+05AW','148','21');
INSERT INTO model_numbers (id,model_number,brand_id,product_type_id) VALUES ('86','FK315HSW+03AW','148','21');
INSERT INTO model_numbers (id,model_number,brand_id,product_type_id) VALUES ('87','FK315HSW+03AW','148','21');
INSERT INTO model_numbers (id,model_number,brand_id,product_type_id) VALUES ('88','FK315HSX+03AW','148','21');
INSERT INTO model_numbers (id,model_number,brand_id,product_type_id) VALUES ('89','FK320BSW+01AW','148','21');
INSERT INTO model_numbers (id,model_number,brand_id,product_type_id) VALUES ('90','FK320HSW+02AW','148','21');
INSERT INTO model_numbers (id,model_number,brand_id,product_type_id) VALUES ('91','FK320HSX+02AW','148','21');
INSERT INTO model_numbers (id,model_number,brand_id,product_type_id) VALUES ('92','FK322BSW+03AW','148','21');
INSERT INTO model_numbers (id,model_number,brand_id,product_type_id) VALUES ('93','FK322HSW+07AW','148','21');
INSERT INTO model_numbers (id,model_number,brand_id,product_type_id) VALUES ('94','FK322HSW+07AW','148','21');
INSERT INTO model_numbers (id,model_number,brand_id,product_type_id) VALUES ('95','FK350HSW-02AW','148','21');
INSERT INTO model_numbers (id,model_number,brand_id,product_type_id) VALUES ('96','FK350HSX-02AW','148','21');
INSERT INTO model_numbers (id,model_number,brand_id,product_type_id) VALUES ('97','FK352HSW+08AW','148','21');
INSERT INTO model_numbers (id,model_number,brand_id,product_type_id) VALUES ('98','FK352HSW+08AW','148','21');
INSERT INTO model_numbers (id,model_number,brand_id,product_type_id) VALUES ('99','FM132.3','148','21');
INSERT INTO model_numbers (id,model_number,brand_id,product_type_id) VALUES ('100','FM136.3','148','21');
INSERT INTO model_numbers (id,model_number,brand_id,product_type_id) VALUES ('101','FM200BSW+01AW','148','21');
INSERT INTO model_numbers (id,model_number,brand_id,product_type_id) VALUES ('102','FM202BSW+04AW','148','21');
INSERT INTO model_numbers (id,model_number,brand_id,product_type_id) VALUES ('103','FS108.4','148','21');
INSERT INTO model_numbers (id,model_number,brand_id,product_type_id) VALUES ('104','FS175.4','148','21');
INSERT INTO model_numbers (id,model_number,brand_id,product_type_id) VALUES ('105','FZ292FSW+05AW','148','21');
INSERT INTO model_numbers (id,model_number,brand_id,product_type_id) VALUES ('106','FZ292FSW+05AW','148','21');
INSERT INTO model_numbers (id,model_number,brand_id,product_type_id) VALUES ('107','FZ292FSX+05AW','148','21');
INSERT INTO model_numbers (id,model_number,brand_id,product_type_id) VALUES ('108','FZ292FSX+05AW','148','21');
INSERT INTO model_numbers (id,model_number,brand_id,product_type_id) VALUES ('109','FZ322FSW+06AW','148','21');
INSERT INTO model_numbers (id,model_number,brand_id,product_type_id) VALUES ('110','FZ322FSW+06AW','148','21');
INSERT INTO model_numbers (id,model_number,brand_id,product_type_id) VALUES ('111','FZ322FSX+06AW','148','21');
INSERT INTO model_numbers (id,model_number,brand_id,product_type_id) VALUES ('112','ISU97','148','21');
INSERT INTO model_numbers (id,model_number,brand_id,product_type_id) VALUES ('113','UC150.3','148','21');
INSERT INTO model_numbers (id,model_number,brand_id,product_type_id) VALUES ('114','UZ130.3','148','21');
INSERT INTO model_numbers (id,model_number,brand_id,product_type_id) VALUES ('115','FZ202BSW+03AW','148','21');
INSERT INTO model_numbers (id,model_number,brand_id,product_type_id) VALUES ('116','AD 220IM A/ ADI216','148','21');
INSERT INTO model_numbers (id,model_number,brand_id,product_type_id) VALUES ('117','AD 220IM A/ ADI216','148','21');
INSERT INTO model_numbers (id,model_number,brand_id,product_type_id) VALUES ('118','FZ093.3','148','21');
INSERT INTO model_numbers (id,model_number,brand_id,product_type_id) VALUES ('119','FZ096.4','148','21');
INSERT INTO model_numbers (id,model_number,brand_id,product_type_id) VALUES ('120','FC126.4','148','21');
INSERT INTO model_numbers (id,model_number,brand_id,product_type_id) VALUES ('121','FK196.4','148','21');
INSERT INTO model_numbers (id,model_number,brand_id,product_type_id) VALUES ('122','FK191.3','148','21');
INSERT INTO model_numbers (id,model_number,brand_id,product_type_id) VALUES ('123','FK198.4','148','21');
INSERT INTO model_numbers (id,model_number,brand_id,product_type_id) VALUES ('124','BK309.3F','148','21');
INSERT INTO model_numbers (id,model_number,brand_id,product_type_id) VALUES ('125','BK313.3FA','148','21');
INSERT INTO model_numbers (id,model_number,brand_id,product_type_id) VALUES ('126','BK313.3','148','21');
INSERT INTO model_numbers (id,model_number,brand_id,product_type_id) VALUES ('127','BZ221.3','148','21');
INSERT INTO model_numbers (id,model_number,brand_id,product_type_id) VALUES ('128','BC271.3','148','21');
INSERT INTO model_numbers (id,model_number,brand_id,product_type_id) VALUES ('129','BK309.3','148','21');
INSERT INTO model_numbers (id,model_number,brand_id,product_type_id) VALUES ('130','BK309.3 F','148','21');
INSERT INTO model_numbers (id,model_number,brand_id,product_type_id) VALUES ('131','FM061.3','148','21');
INSERT INTO model_numbers (id,model_number,brand_id,product_type_id) VALUES ('132','FZ041.3','148','21');
INSERT INTO model_numbers (id,model_number,brand_id,product_type_id) VALUES ('133','FZ206.3','148','21');
INSERT INTO model_numbers (id,model_number,brand_id,product_type_id) VALUES ('134','BK313.3F','148','21');
INSERT INTO model_numbers (id,model_number,brand_id,product_type_id) VALUES ('135','BK309.3F','148','21');
INSERT INTO model_numbers (id,model_number,brand_id,product_type_id) VALUES ('136','UZ130.3','148','21');
INSERT INTO model_numbers (id,model_number,brand_id,product_type_id) VALUES ('137','BC271.3','148','21');
INSERT INTO model_numbers (id,model_number,brand_id,product_type_id) VALUES ('138','FK292.3F','148','21');
INSERT INTO model_numbers (id,model_number,brand_id,product_type_id) VALUES ('139','FK213BUW+06AG (FK213.3)','148','21');
INSERT INTO model_numbers (id,model_number,brand_id,product_type_id) VALUES ('140','FZ206.3','148','21');
INSERT INTO model_numbers (id,model_number,brand_id,product_type_id) VALUES ('141','BC271.3','148','21');
INSERT INTO model_numbers (id,model_number,brand_id,product_type_id) VALUES ('142','123.3TAKDSR','148','7');
INSERT INTO model_numbers (id,model_number,brand_id,product_type_id) VALUES ('143','112.3MSYW','148','7');
INSERT INTO model_numbers (id,model_number,brand_id,product_type_id) VALUES ('144','112.3MSYX','148','7');
INSERT INTO model_numbers (id,model_number,brand_id,product_type_id) VALUES ('145','112.3MYX','148','7');
INSERT INTO model_numbers (id,model_number,brand_id,product_type_id) VALUES ('146','112.3YB','148','7');
INSERT INTO model_numbers (id,model_number,brand_id,product_type_id) VALUES ('147','112.3YW','148','7');
INSERT INTO model_numbers (id,model_number,brand_id,product_type_id) VALUES ('148','113.3TAYDW','148','7');
INSERT INTO model_numbers (id,model_number,brand_id,product_type_id) VALUES ('149','113.3TAYDX','148','7');
INSERT INTO model_numbers (id,model_number,brand_id,product_type_id) VALUES ('150','113.3TAYKDX','148','7');
INSERT INTO model_numbers (id,model_number,brand_id,product_type_id) VALUES ('151','113.3TAYS','148','7');
INSERT INTO model_numbers (id,model_number,brand_id,product_type_id) VALUES ('152','113.3YB','148','7');
INSERT INTO model_numbers (id,model_number,brand_id,product_type_id) VALUES ('153','113.3YW','148','7');
INSERT INTO model_numbers (id,model_number,brand_id,product_type_id) VALUES ('154','113.3YX','148','7');
INSERT INTO model_numbers (id,model_number,brand_id,product_type_id) VALUES ('155','1133.3TWYKDPHBOX','148','7');
INSERT INTO model_numbers (id,model_number,brand_id,product_type_id) VALUES ('156','1133.4TDYDPHBOQX','148','7');
INSERT INTO model_numbers (id,model_number,brand_id,product_type_id) VALUES ('157','1143.3TPYDQVXSP','148','7');
INSERT INTO model_numbers (id,model_number,brand_id,product_type_id) VALUES ('158','1143.4TDYDBHAOQVS','148','7');
INSERT INTO model_numbers (id,model_number,brand_id,product_type_id) VALUES ('159','1143.4TFYDBOQVJXSP','148','7');
INSERT INTO model_numbers (id,model_number,brand_id,product_type_id) VALUES ('160','1143.4TSYDPHAOQXSP','148','7');
INSERT INTO model_numbers (id,model_number,brand_id,product_type_id) VALUES ('161','51EE1.30PF(W)','148','7');
INSERT INTO model_numbers (id,model_number,brand_id,product_type_id) VALUES ('162','51EE1.30PFG(W)','148','7');
INSERT INTO model_numbers (id,model_number,brand_id,product_type_id) VALUES ('163','51EE2.31MFG(W)','148','7');
INSERT INTO model_numbers (id,model_number,brand_id,product_type_id) VALUES ('164','51EE2.31MPFG(W)','148','7');
INSERT INTO model_numbers (id,model_number,brand_id,product_type_id) VALUES ('165','51EE2.31MPG(W)','148','7');
INSERT INTO model_numbers (id,model_number,brand_id,product_type_id) VALUES ('166','51GG5.33ZFG(W)','148','7');
INSERT INTO model_numbers (id,model_number,brand_id,product_type_id) VALUES ('167','601CE1.333YDG(W)','148','7');
INSERT INTO model_numbers (id,model_number,brand_id,product_type_id) VALUES ('168','601CE2.333TAYDG(W)','148','7');
INSERT INTO model_numbers (id,model_number,brand_id,product_type_id) VALUES ('169','601CE2.333TAYDG(XX','148','7');
INSERT INTO model_numbers (id,model_number,brand_id,product_type_id) VALUES ('170','601CE2.333YDG(XX)','148','7');
INSERT INTO model_numbers (id,model_number,brand_id,product_type_id) VALUES ('171','601EE1.37YFG(W)','148','7');
INSERT INTO model_numbers (id,model_number,brand_id,product_type_id) VALUES ('172','601EE1.37YFG(XX)','148','7');
INSERT INTO model_numbers (id,model_number,brand_id,product_type_id) VALUES ('173','601EE2.37TAYFG(W)','148','7');
INSERT INTO model_numbers (id,model_number,brand_id,product_type_id) VALUES ('174','601EE2.37TAYFG(XX)','148','7');
INSERT INTO model_numbers (id,model_number,brand_id,product_type_id) VALUES ('175','601GE1.33ZYFG(W)','148','7');
INSERT INTO model_numbers (id,model_number,brand_id,product_type_id) VALUES ('176','601GE2.33ZPTAYFG(X','148','7');
INSERT INTO model_numbers (id,model_number,brand_id,product_type_id) VALUES ('177','601GE2.33ZPYFG(XX)','148','7');
INSERT INTO model_numbers (id,model_number,brand_id,product_type_id) VALUES ('178','601GE2.33ZPYFG(XX)','148','7');
INSERT INTO model_numbers (id,model_number,brand_id,product_type_id) VALUES ('179','601GG5.33ZPMSYFG(W','148','7');
INSERT INTO model_numbers (id,model_number,brand_id,product_type_id) VALUES ('180','601GG5.33ZPMSYFG(X','148','7');
INSERT INTO model_numbers (id,model_number,brand_id,product_type_id) VALUES ('181','601GG5.33ZPYFG(W)','148','7');
INSERT INTO model_numbers (id,model_number,brand_id,product_type_id) VALUES ('182','601GG5.33ZPYFG(XX)','148','7');
INSERT INTO model_numbers (id,model_number,brand_id,product_type_id) VALUES ('183','601GG5.33ZYFG(W)','148','7');
INSERT INTO model_numbers (id,model_number,brand_id,product_type_id) VALUES ('184','601IE3.464TAYKDG(X','148','7');
INSERT INTO model_numbers (id,model_number,brand_id,product_type_id) VALUES ('185','PBF4VI506FT','148','7');
INSERT INTO model_numbers (id,model_number,brand_id,product_type_id) VALUES ('186','PBF4VI508FTB4','148','7');
INSERT INTO model_numbers (id,model_number,brand_id,product_type_id) VALUES ('187','PBF4VI511FTB4SD','148','7');
INSERT INTO model_numbers (id,model_number,brand_id,product_type_id) VALUES ('188','PBF4VQ234A','148','7');
INSERT INTO model_numbers (id,model_number,brand_id,product_type_id) VALUES ('189','PBF4VQ241T','148','7');
INSERT INTO model_numbers (id,model_number,brand_id,product_type_id) VALUES ('190','PBF4VQ241T','148','7');
INSERT INTO model_numbers (id,model_number,brand_id,product_type_id) VALUES ('191','PBP4VI508FT','148','7');
INSERT INTO model_numbers (id,model_number,brand_id,product_type_id) VALUES ('192','PBP4VI510FTB','148','7');
INSERT INTO model_numbers (id,model_number,brand_id,product_type_id) VALUES ('193','PBP4VQ242','148','7');
INSERT INTO model_numbers (id,model_number,brand_id,product_type_id) VALUES ('194','PBP4VQ242','148','7');
INSERT INTO model_numbers (id,model_number,brand_id,product_type_id) VALUES ('195','PBP4VQ247CF','148','7');
INSERT INTO model_numbers (id,model_number,brand_id,product_type_id) VALUES ('196','PDG4.0ZPZTRC UK','148','7');
INSERT INTO model_numbers (id,model_number,brand_id,product_type_id) VALUES ('197','PDG4.1ZPZTRCA UK','148','7');
INSERT INTO model_numbers (id,model_number,brand_id,product_type_id) VALUES ('198','PDG5.0ZPZTRCA UK','148','7');
INSERT INTO model_numbers (id,model_number,brand_id,product_type_id) VALUES ('199','PG 507','148','7');
INSERT INTO model_numbers (id,model_number,brand_id,product_type_id) VALUES ('200','PG 507DP2','148','7');
INSERT INTO model_numbers (id,model_number,brand_id,product_type_id) VALUES ('201','PG 907','148','7');
INSERT INTO model_numbers (id,model_number,brand_id,product_type_id) VALUES ('202','PG 907','148','7');
INSERT INTO model_numbers (id,model_number,brand_id,product_type_id) VALUES ('203','PG 907DP2','148','7');
INSERT INTO model_numbers (id,model_number,brand_id,product_type_id) VALUES ('204','PG4ES11','148','7');
INSERT INTO model_numbers (id,model_number,brand_id,product_type_id) VALUES ('205','PG4ES11S','148','7');
INSERT INTO model_numbers (id,model_number,brand_id,product_type_id) VALUES ('206','PI 7511 SF','148','7');
INSERT INTO model_numbers (id,model_number,brand_id,product_type_id) VALUES ('207','PMG4.0ZZTR','148','7');
INSERT INTO model_numbers (id,model_number,brand_id,product_type_id) VALUES ('208','112.3MSYX','148','7');
INSERT INTO model_numbers (id,model_number,brand_id,product_type_id) VALUES ('209','112.3MSYX','148','7');
INSERT INTO model_numbers (id,model_number,brand_id,product_type_id) VALUES ('210','112.3MYX','148','7');
INSERT INTO model_numbers (id,model_number,brand_id,product_type_id) VALUES ('211','113.3TAYKDX','148','7');
INSERT INTO model_numbers (id,model_number,brand_id,product_type_id) VALUES ('212','PSG5.0ZPZTR','148','7');
INSERT INTO model_numbers (id,model_number,brand_id,product_type_id) VALUES ('213','PSG4.1ZPZTR','148','7');
INSERT INTO model_numbers (id,model_number,brand_id,product_type_id) VALUES ('214','PSG4.0ZPZTAR','148','7');
INSERT INTO model_numbers (id,model_number,brand_id,product_type_id) VALUES ('215','PMG4.0ZZTR','148','7');
INSERT INTO model_numbers (id,model_number,brand_id,product_type_id) VALUES ('216','PW4ES11','148','7');
INSERT INTO model_numbers (id,model_number,brand_id,product_type_id) VALUES ('217','PW4ES11S','148','7');
INSERT INTO model_numbers (id,model_number,brand_id,product_type_id) VALUES ('218','PMG4.0ZZT','148','7');
INSERT INTO model_numbers (id,model_number,brand_id,product_type_id) VALUES ('219','10133.3TSYDHBX','148','7');
INSERT INTO model_numbers (id,model_number,brand_id,product_type_id) VALUES ('220','10132.3MSYW','148','7');
INSERT INTO model_numbers (id,model_number,brand_id,product_type_id) VALUES ('221','1133.3TSYDHBX','148','7');
INSERT INTO model_numbers (id,model_number,brand_id,product_type_id) VALUES ('222','1132.3MSYW','148','7');
INSERT INTO model_numbers (id,model_number,brand_id,product_type_id) VALUES ('223','1133.3TSYDW','148','7');
INSERT INTO model_numbers (id,model_number,brand_id,product_type_id) VALUES ('224','PH6400Z','148','7');
INSERT INTO model_numbers (id,model_number,brand_id,product_type_id) VALUES ('225','KMC13285F','148','7');
INSERT INTO model_numbers (id,model_number,brand_id,product_type_id) VALUES ('226','KMC13286E','148','7');
INSERT INTO model_numbers (id,model_number,brand_id,product_type_id) VALUES ('227','PI651TU','148','7');
INSERT INTO model_numbers (id,model_number,brand_id,product_type_id) VALUES ('228','PI6512TG','148','7');
INSERT INTO model_numbers (id,model_number,brand_id,product_type_id) VALUES ('229','PMG4.0ZZT','148','7');
INSERT INTO model_numbers (id,model_number,brand_id,product_type_id) VALUES ('230','1132.3MSYX','148','7');
INSERT INTO model_numbers (id,model_number,brand_id,product_type_id) VALUES ('231','10133.3YX','148','7');
INSERT INTO model_numbers (id,model_number,brand_id,product_type_id) VALUES ('232','10133.3YW','148','7');
INSERT INTO model_numbers (id,model_number,brand_id,product_type_id) VALUES ('233','1133.3YX','148','7');
INSERT INTO model_numbers (id,model_number,brand_id,product_type_id) VALUES ('234','1133.3YW','148','7');
INSERT INTO model_numbers (id,model_number,brand_id,product_type_id) VALUES ('235','C602.734TEDPHSRVW','148','7');
INSERT INTO model_numbers (id,model_number,brand_id,product_type_id) VALUES ('236','C632.745TADHSRVW','148','7');
INSERT INTO model_numbers (id,model_number,brand_id,product_type_id) VALUES ('237','PI 7511 SF','148','7');
INSERT INTO model_numbers (id,model_number,brand_id,product_type_id) VALUES ('238','PL6512TU','148','7');
INSERT INTO model_numbers (id,model_number,brand_id,product_type_id) VALUES ('239','PB4VI512FTB','148','7');
INSERT INTO model_numbers (id,model_number,brand_id,product_type_id) VALUES ('240','508EE1(W)','148','7');
INSERT INTO model_numbers (id,model_number,brand_id,product_type_id) VALUES ('241','508EE2MS(W)','148','7');
INSERT INTO model_numbers (id,model_number,brand_id,product_type_id) VALUES ('242','508CE2MS(W)','148','7');
INSERT INTO model_numbers (id,model_number,brand_id,product_type_id) VALUES ('243','508GG5(W)','148','7');
INSERT INTO model_numbers (id,model_number,brand_id,product_type_id) VALUES ('244','608CE2TA(W)','148','7');
INSERT INTO model_numbers (id,model_number,brand_id,product_type_id) VALUES ('245','608CE2TA(XX)','148','7');
INSERT INTO model_numbers (id,model_number,brand_id,product_type_id) VALUES ('246','608EE2TA(W)','148','7');
INSERT INTO model_numbers (id,model_number,brand_id,product_type_id) VALUES ('247','608EE2TA(XX)','148','7');
INSERT INTO model_numbers (id,model_number,brand_id,product_type_id) VALUES ('248','608GG5MS(W)','148','7');
INSERT INTO model_numbers (id,model_number,brand_id,product_type_id) VALUES ('249','608GG5MS(XX)','148','7');
INSERT INTO model_numbers (id,model_number,brand_id,product_type_id) VALUES ('250','1143.3TPX COMBI STEAM','148','7');
INSERT INTO model_numbers (id,model_number,brand_id,product_type_id) VALUES ('251','1143.4TDS','148','7');
INSERT INTO model_numbers (id,model_number,brand_id,product_type_id) VALUES ('252','1143.4TFX','148','7');
INSERT INTO model_numbers (id,model_number,brand_id,product_type_id) VALUES ('253','1143.4TSX','148','7');
INSERT INTO model_numbers (id,model_number,brand_id,product_type_id) VALUES ('254','1052.3MSW','148','7');
INSERT INTO model_numbers (id,model_number,brand_id,product_type_id) VALUES ('255','1052.3MSX','148','7');
INSERT INTO model_numbers (id,model_number,brand_id,product_type_id) VALUES ('256','1053.3TSX','148','7');
INSERT INTO model_numbers (id,model_number,brand_id,product_type_id) VALUES ('257','1053.3TSW','148','7');
INSERT INTO model_numbers (id,model_number,brand_id,product_type_id) VALUES ('258','1053.3W','148','7');
INSERT INTO model_numbers (id,model_number,brand_id,product_type_id) VALUES ('259','1053.3X','148','7');
INSERT INTO model_numbers (id,model_number,brand_id,product_type_id) VALUES ('260','1053.3TSPRX PYRO','148','7');
INSERT INTO model_numbers (id,model_number,brand_id,product_type_id) VALUES ('261','PGX 6210','148','7');
INSERT INTO model_numbers (id,model_number,brand_id,product_type_id) VALUES ('262','PGX 6610','148','7');
INSERT INTO model_numbers (id,model_number,brand_id,product_type_id) VALUES ('263','PGZ 6311','148','7');
INSERT INTO model_numbers (id,model_number,brand_id,product_type_id) VALUES ('264','PGZ 7311','148','7');
INSERT INTO model_numbers (id,model_number,brand_id,product_type_id) VALUES ('265','PH6400Z','148','7');
INSERT INTO model_numbers (id,model_number,brand_id,product_type_id) VALUES ('266','PI6512TU','148','7');
INSERT INTO model_numbers (id,model_number,brand_id,product_type_id) VALUES ('267','ZWM 616 W UK','148','3');
INSERT INTO model_numbers (id,model_number,brand_id,product_type_id) VALUES ('268','ZIM 427 UK','148','3');
INSERT INTO model_numbers (id,model_number,brand_id,product_type_id) VALUES ('269','ZIM 627 UK','148','3');
INSERT INTO model_numbers (id,model_number,brand_id,product_type_id) VALUES ('270','ZWM 416 W UK','148','3');
INSERT INTO model_numbers (id,model_number,brand_id,product_type_id) VALUES ('271','ZWM 426 W','148','3');
INSERT INTO model_numbers (id,model_number,brand_id,product_type_id) VALUES ('272','ZWM 626 W','148','3');
INSERT INTO model_numbers (id,model_number,brand_id,product_type_id) VALUES ('273','ZZM 616W UK','148','3');
INSERT INTO model_numbers (id,model_number,brand_id,product_type_id) VALUES ('274','ZIV615','148','3');
INSERT INTO model_numbers (id,model_number,brand_id,product_type_id) VALUES ('275','ZIV413','148','3');
INSERT INTO model_numbers (id,model_number,brand_id,product_type_id) VALUES ('276','ZZV614W','148','3');
INSERT INTO model_numbers (id,model_number,brand_id,product_type_id) VALUES ('277','ZZM629I','148','3');
INSERT INTO model_numbers (id,model_number,brand_id,product_type_id) VALUES ('278','ZIM427','148','3');
INSERT INTO model_numbers (id,model_number,brand_id,product_type_id) VALUES ('279','ZIM429','148','3');
INSERT INTO model_numbers (id,model_number,brand_id,product_type_id) VALUES ('280','ZIV413','148','3');
INSERT INTO model_numbers (id,model_number,brand_id,product_type_id) VALUES ('281','ZIM629','148','3');
INSERT INTO model_numbers (id,model_number,brand_id,product_type_id) VALUES ('282','ZIV615','148','3');
INSERT INTO model_numbers (id,model_number,brand_id,product_type_id) VALUES ('283','AMM20BI','148','12');
INSERT INTO model_numbers (id,model_number,brand_id,product_type_id) VALUES ('284','AMM25BI','148','12');
INSERT INTO model_numbers (id,model_number,brand_id,product_type_id) VALUES ('285','OSC5468W','148','15');
INSERT INTO model_numbers (id,model_number,brand_id,product_type_id) VALUES ('286','OSC5458I','148','15');
INSERT INTO model_numbers (id,model_number,brand_id,product_type_id) VALUES ('287','OSC6468W','148','15');
INSERT INTO model_numbers (id,model_number,brand_id,product_type_id) VALUES ('288','OSC6458I','148','15');
INSERT INTO model_numbers (id,model_number,brand_id,product_type_id) VALUES ('289','OKS652T','148','15');
INSERT INTO model_numbers (id,model_number,brand_id,product_type_id) VALUES ('290','OKF621G','148','15');
INSERT INTO model_numbers (id,model_number,brand_id,product_type_id) VALUES ('291','OKF921G','148','15');
INSERT INTO model_numbers (id,model_number,brand_id,product_type_id) VALUES ('292','OKSS952T','148','15');
INSERT INTO model_numbers (id,model_number,brand_id,product_type_id) VALUES ('293','OKC953S','148','15');
INSERT INTO model_numbers (id,model_number,brand_id,product_type_id) VALUES ('294','OWS952T','148','15');
INSERT INTO model_numbers (id,model_number,brand_id,product_type_id) VALUES ('295','6017EE2.37EHTAFGQ','150','7');
INSERT INTO model_numbers (id,model_number,brand_id,product_type_id) VALUES ('296','AMM20M70PUK','150','12');
INSERT INTO model_numbers (id,model_number,brand_id,product_type_id) VALUES ('297','FS100.3','150','4');
INSERT INTO model_numbers (id,model_number,brand_id,product_type_id) VALUES ('298','FS200.3','150','4');
INSERT INTO model_numbers (id,model_number,brand_id,product_type_id) VALUES ('299','PI6112WFT','150','25');
INSERT INTO model_numbers (id,model_number,brand_id,product_type_id) VALUES ('300','FD171.4','150','21');
COMMIT;

----
-- Drop table for brand
----
DROP TABLE 'brand';

----
-- Table structure for brand
----
CREATE TABLE "brand" (id INTEGER PRIMARY KEY NOT NULL ,name TEXT ,information TEXT,active INTEGER  DEFAULT (1) ,created_by_user_id INTEGER ,created DATETIME  ,modified DATETIME,inactivated DATETIME,server_brand_id INTEGER);

----
-- Data dump for brand, a total of 172 rows
----
BEGIN TRANSACTION;
INSERT INTO brand (id,name,information,active,created_by_user_id,created,modified,inactivated,server_brand_id) VALUES ('1','AEG','','0','1','','1380036386','','1');
INSERT INTO brand (id,name,information,active,created_by_user_id,created,modified,inactivated,server_brand_id) VALUES ('2','Ariston','','0','','','','','2');
INSERT INTO brand (id,name,information,active,created_by_user_id,created,modified,inactivated,server_brand_id) VALUES ('3','Asko','','0','1','','1369832691','','3');
INSERT INTO brand (id,name,information,active,created_by_user_id,created,modified,inactivated,server_brand_id) VALUES ('4','Bauknecht','','0','','','','','4');
INSERT INTO brand (id,name,information,active,created_by_user_id,created,modified,inactivated,server_brand_id) VALUES ('5','Beko','','0','','','','','5');
INSERT INTO brand (id,name,information,active,created_by_user_id,created,modified,inactivated,server_brand_id) VALUES ('6','Bernstein','','0','1','','1369832720','','6');
INSERT INTO brand (id,name,information,active,created_by_user_id,created,modified,inactivated,server_brand_id) VALUES ('7','Blomberg','','0','1','','1369832747','','7');
INSERT INTO brand (id,name,information,active,created_by_user_id,created,modified,inactivated,server_brand_id) VALUES ('8','Bosch','','0','','','','','8');
INSERT INTO brand (id,name,information,active,created_by_user_id,created,modified,inactivated,server_brand_id) VALUES ('9','Brandt','','0','','','','','9');
INSERT INTO brand (id,name,information,active,created_by_user_id,created,modified,inactivated,server_brand_id) VALUES ('10','Brittannia','','0','','','','','10');
INSERT INTO brand (id,name,information,active,created_by_user_id,created,modified,inactivated,server_brand_id) VALUES ('11','Candy','','0','','','','','11');
INSERT INTO brand (id,name,information,active,created_by_user_id,created,modified,inactivated,server_brand_id) VALUES ('12','Cannon','','0','','','','','12');
INSERT INTO brand (id,name,information,active,created_by_user_id,created,modified,inactivated,server_brand_id) VALUES ('13','Caple','','0','','','','','13');
INSERT INTO brand (id,name,information,active,created_by_user_id,created,modified,inactivated,server_brand_id) VALUES ('14','CDA','','0','','','','','14');
INSERT INTO brand (id,name,information,active,created_by_user_id,created,modified,inactivated,server_brand_id) VALUES ('15','Continental Domestic Appliances','','0','','','','','15');
INSERT INTO brand (id,name,information,active,created_by_user_id,created,modified,inactivated,server_brand_id) VALUES ('16','Cookers','','0','','','','','16');
INSERT INTO brand (id,name,information,active,created_by_user_id,created,modified,inactivated,server_brand_id) VALUES ('17','Creda','','0','','','','','17');
INSERT INTO brand (id,name,information,active,created_by_user_id,created,modified,inactivated,server_brand_id) VALUES ('18','Crosslee','','0','','','','','18');
INSERT INTO brand (id,name,information,active,created_by_user_id,created,modified,inactivated,server_brand_id) VALUES ('19','Cuisina','','0','','','','','19');
INSERT INTO brand (id,name,information,active,created_by_user_id,created,modified,inactivated,server_brand_id) VALUES ('20','De Dietrich','','0','','','','','20');
INSERT INTO brand (id,name,information,active,created_by_user_id,created,modified,inactivated,server_brand_id) VALUES ('21','Diplomat','','0','','','','','21');
INSERT INTO brand (id,name,information,active,created_by_user_id,created,modified,inactivated,server_brand_id) VALUES ('22','Dyson','','0','','','','','22');
INSERT INTO brand (id,name,information,active,created_by_user_id,created,modified,inactivated,server_brand_id) VALUES ('23','Electrolux','','0','','','','','23');
INSERT INTO brand (id,name,information,active,created_by_user_id,created,modified,inactivated,server_brand_id) VALUES ('24','Elica','','0','','','','','24');
INSERT INTO brand (id,name,information,active,created_by_user_id,created,modified,inactivated,server_brand_id) VALUES ('25','English Electric','','0','','','','','25');
INSERT INTO brand (id,name,information,active,created_by_user_id,created,modified,inactivated,server_brand_id) VALUES ('26','Esse','','0','','','','','26');
INSERT INTO brand (id,name,information,active,created_by_user_id,created,modified,inactivated,server_brand_id) VALUES ('27','Eurolec','','0','','','','','27');
INSERT INTO brand (id,name,information,active,created_by_user_id,created,modified,inactivated,server_brand_id) VALUES ('28','Fagor','','0','','','','','28');
INSERT INTO brand (id,name,information,active,created_by_user_id,created,modified,inactivated,server_brand_id) VALUES ('29','Frigidaire','','0','','','','','29');
INSERT INTO brand (id,name,information,active,created_by_user_id,created,modified,inactivated,server_brand_id) VALUES ('30','Gaggenau','','0','','','','','30');
INSERT INTO brand (id,name,information,active,created_by_user_id,created,modified,inactivated,server_brand_id) VALUES ('31','General Electric','','0','','','','','31');
INSERT INTO brand (id,name,information,active,created_by_user_id,created,modified,inactivated,server_brand_id) VALUES ('32','Haier','','0','','','','','32');
INSERT INTO brand (id,name,information,active,created_by_user_id,created,modified,inactivated,server_brand_id) VALUES ('33','Homark','','0','','','','','33');
INSERT INTO brand (id,name,information,active,created_by_user_id,created,modified,inactivated,server_brand_id) VALUES ('34','Hoover','','0','','','','','34');
INSERT INTO brand (id,name,information,active,created_by_user_id,created,modified,inactivated,server_brand_id) VALUES ('35','Hotpoint','','0','','','','','35');
INSERT INTO brand (id,name,information,active,created_by_user_id,created,modified,inactivated,server_brand_id) VALUES ('36','Hygena','','0','','','','','36');
INSERT INTO brand (id,name,information,active,created_by_user_id,created,modified,inactivated,server_brand_id) VALUES ('37','Iberna','','0','','','','','37');
INSERT INTO brand (id,name,information,active,created_by_user_id,created,modified,inactivated,server_brand_id) VALUES ('38','IKEA','','0','','','','','38');
INSERT INTO brand (id,name,information,active,created_by_user_id,created,modified,inactivated,server_brand_id) VALUES ('39','Ignis','','0','','','','','39');
INSERT INTO brand (id,name,information,active,created_by_user_id,created,modified,inactivated,server_brand_id) VALUES ('40','Indesit','','0','','','','','40');
INSERT INTO brand (id,name,information,active,created_by_user_id,created,modified,inactivated,server_brand_id) VALUES ('41','Kelvinator','','0','','','','','41');
INSERT INTO brand (id,name,information,active,created_by_user_id,created,modified,inactivated,server_brand_id) VALUES ('42','Kuppersbusch','','0','','','','','42');
INSERT INTO brand (id,name,information,active,created_by_user_id,created,modified,inactivated,server_brand_id) VALUES ('43','LEC','','0','','','','','43');
INSERT INTO brand (id,name,information,active,created_by_user_id,created,modified,inactivated,server_brand_id) VALUES ('44','LG','','0','','','','','44');
INSERT INTO brand (id,name,information,active,created_by_user_id,created,modified,inactivated,server_brand_id) VALUES ('45','Lofra','','0','','','','','45');
INSERT INTO brand (id,name,information,active,created_by_user_id,created,modified,inactivated,server_brand_id) VALUES ('46','Maytag','','0','','','','','46');
INSERT INTO brand (id,name,information,active,created_by_user_id,created,modified,inactivated,server_brand_id) VALUES ('47','Mercury','','0','','','','','47');
INSERT INTO brand (id,name,information,active,created_by_user_id,created,modified,inactivated,server_brand_id) VALUES ('48','Miele','','0','','','','','48');
INSERT INTO brand (id,name,information,active,created_by_user_id,created,modified,inactivated,server_brand_id) VALUES ('49','Nardi','','0','','','','','49');
INSERT INTO brand (id,name,information,active,created_by_user_id,created,modified,inactivated,server_brand_id) VALUES ('50','NEB','','0','','','','','50');
INSERT INTO brand (id,name,information,active,created_by_user_id,created,modified,inactivated,server_brand_id) VALUES ('51','Neff','','0','','','','','51');
INSERT INTO brand (id,name,information,active,created_by_user_id,created,modified,inactivated,server_brand_id) VALUES ('52','PABL','','0','','','','','52');
INSERT INTO brand (id,name,information,active,created_by_user_id,created,modified,inactivated,server_brand_id) VALUES ('53','Panasonic','','0','','','','','53');
INSERT INTO brand (id,name,information,active,created_by_user_id,created,modified,inactivated,server_brand_id) VALUES ('54','Parkinson Cowan','','0','','','','','54');
INSERT INTO brand (id,name,information,active,created_by_user_id,created,modified,inactivated,server_brand_id) VALUES ('55','Philco','','0','','','','','55');
INSERT INTO brand (id,name,information,active,created_by_user_id,created,modified,inactivated,server_brand_id) VALUES ('56','Philips','','0','','','','','56');
INSERT INTO brand (id,name,information,active,created_by_user_id,created,modified,inactivated,server_brand_id) VALUES ('57','Proline','','0','','','','','57');
INSERT INTO brand (id,name,information,active,created_by_user_id,created,modified,inactivated,server_brand_id) VALUES ('58','Rangemaster','','0','','','','','58');
INSERT INTO brand (id,name,information,active,created_by_user_id,created,modified,inactivated,server_brand_id) VALUES ('59','Rosieres','','0','','','','','59');
INSERT INTO brand (id,name,information,active,created_by_user_id,created,modified,inactivated,server_brand_id) VALUES ('60','Samsung','','0','','','','','60');
INSERT INTO brand (id,name,information,active,created_by_user_id,created,modified,inactivated,server_brand_id) VALUES ('61','Sarena','','0','','','','','61');
INSERT INTO brand (id,name,information,active,created_by_user_id,created,modified,inactivated,server_brand_id) VALUES ('62','Scholtes','','0','','','','','62');
INSERT INTO brand (id,name,information,active,created_by_user_id,created,modified,inactivated,server_brand_id) VALUES ('63','Servis','','0','','','','','63');
INSERT INTO brand (id,name,information,active,created_by_user_id,created,modified,inactivated,server_brand_id) VALUES ('64','Sharp','','0','','','','','64');
INSERT INTO brand (id,name,information,active,created_by_user_id,created,modified,inactivated,server_brand_id) VALUES ('65','Siemens','','0','','','','','65');
INSERT INTO brand (id,name,information,active,created_by_user_id,created,modified,inactivated,server_brand_id) VALUES ('66','Smeg','','0','','','','','66');
INSERT INTO brand (id,name,information,active,created_by_user_id,created,modified,inactivated,server_brand_id) VALUES ('67','Soveriegn','','0','','','','','67');
INSERT INTO brand (id,name,information,active,created_by_user_id,created,modified,inactivated,server_brand_id) VALUES ('68','Stoves','','0','','','','','68');
INSERT INTO brand (id,name,information,active,created_by_user_id,created,modified,inactivated,server_brand_id) VALUES ('69','Teba','','0','','','','','69');
INSERT INTO brand (id,name,information,active,created_by_user_id,created,modified,inactivated,server_brand_id) VALUES ('70','Teknik','','0','','','','','70');
INSERT INTO brand (id,name,information,active,created_by_user_id,created,modified,inactivated,server_brand_id) VALUES ('71','Teka','','0','','','','','71');
INSERT INTO brand (id,name,information,active,created_by_user_id,created,modified,inactivated,server_brand_id) VALUES ('72','Tricity Bendix','','0','','','','','72');
INSERT INTO brand (id,name,information,active,created_by_user_id,created,modified,inactivated,server_brand_id) VALUES ('73','Viking','','0','','','','','73');
INSERT INTO brand (id,name,information,active,created_by_user_id,created,modified,inactivated,server_brand_id) VALUES ('74','Waterline','','0','','','','','74');
INSERT INTO brand (id,name,information,active,created_by_user_id,created,modified,inactivated,server_brand_id) VALUES ('75','Whirlpool','','0','','','','','75');
INSERT INTO brand (id,name,information,active,created_by_user_id,created,modified,inactivated,server_brand_id) VALUES ('76','White Knight','','0','','','','','76');
INSERT INTO brand (id,name,information,active,created_by_user_id,created,modified,inactivated,server_brand_id) VALUES ('77','White Westinghouse','','0','','','','','77');
INSERT INTO brand (id,name,information,active,created_by_user_id,created,modified,inactivated,server_brand_id) VALUES ('78','Zanussi','','0','','','','','78');
INSERT INTO brand (id,name,information,active,created_by_user_id,created,modified,inactivated,server_brand_id) VALUES ('79','Belling','','0','','','','','79');
INSERT INTO brand (id,name,information,active,created_by_user_id,created,modified,inactivated,server_brand_id) VALUES ('80','Gorenje','','0','','','','','80');
INSERT INTO brand (id,name,information,active,created_by_user_id,created,modified,inactivated,server_brand_id) VALUES ('81','Fisher & Paykell','','0','','','','','81');
INSERT INTO brand (id,name,information,active,created_by_user_id,created,modified,inactivated,server_brand_id) VALUES ('82','Baumatic','','0','','','','','82');
INSERT INTO brand (id,name,information,active,created_by_user_id,created,modified,inactivated,server_brand_id) VALUES ('83','Atag','','0','','','','','83');
INSERT INTO brand (id,name,information,active,created_by_user_id,created,modified,inactivated,server_brand_id) VALUES ('84','Atlant','','0','','','','','84');
INSERT INTO brand (id,name,information,active,created_by_user_id,created,modified,inactivated,server_brand_id) VALUES ('85','Balay','','0','','','','','85');
INSERT INTO brand (id,name,information,active,created_by_user_id,created,modified,inactivated,server_brand_id) VALUES ('86','Bendix','','0','','','','','86');
INSERT INTO brand (id,name,information,active,created_by_user_id,created,modified,inactivated,server_brand_id) VALUES ('87','Bompani','','0','','','','','87');
INSERT INTO brand (id,name,information,active,created_by_user_id,created,modified,inactivated,server_brand_id) VALUES ('88','Arrow','','0','','','','','88');
INSERT INTO brand (id,name,information,active,created_by_user_id,created,modified,inactivated,server_brand_id) VALUES ('89','Carlton','','0','','','','','89');
INSERT INTO brand (id,name,information,active,created_by_user_id,created,modified,inactivated,server_brand_id) VALUES ('90','Daewoo','','0','','','','','90');
INSERT INTO brand (id,name,information,active,created_by_user_id,created,modified,inactivated,server_brand_id) VALUES ('91','Delonghi','','0','','','','','91');
INSERT INTO brand (id,name,information,active,created_by_user_id,created,modified,inactivated,server_brand_id) VALUES ('92','Dimplex','','0','','','','','92');
INSERT INTO brand (id,name,information,active,created_by_user_id,created,modified,inactivated,server_brand_id) VALUES ('93','Ebac','','0','','','','','93');
INSERT INTO brand (id,name,information,active,created_by_user_id,created,modified,inactivated,server_brand_id) VALUES ('94','Electra','','0','','','','','94');
INSERT INTO brand (id,name,information,active,created_by_user_id,created,modified,inactivated,server_brand_id) VALUES ('95','Eurotec','','0','','','','','95');
INSERT INTO brand (id,name,information,active,created_by_user_id,created,modified,inactivated,server_brand_id) VALUES ('96','Finlandia','','0','','','','','96');
INSERT INTO brand (id,name,information,active,created_by_user_id,created,modified,inactivated,server_brand_id) VALUES ('97','Flavel','','0','','','','','97');
INSERT INTO brand (id,name,information,active,created_by_user_id,created,modified,inactivated,server_brand_id) VALUES ('98','Firenzi','','0','','','','','98');
INSERT INTO brand (id,name,information,active,created_by_user_id,created,modified,inactivated,server_brand_id) VALUES ('99','Fridgemaster','','0','','','','','99');
INSERT INTO brand (id,name,information,active,created_by_user_id,created,modified,inactivated,server_brand_id) VALUES ('100','Glen','','0','','','','','100');
INSERT INTO brand (id,name,information,active,created_by_user_id,created,modified,inactivated,server_brand_id) VALUES ('101','Goldstar','','0','','','','','101');
INSERT INTO brand (id,name,information,active,created_by_user_id,created,modified,inactivated,server_brand_id) VALUES ('102','Hanesatic','','0','','','','','102');
INSERT INTO brand (id,name,information,active,created_by_user_id,created,modified,inactivated,server_brand_id) VALUES ('103','Hinari','','0','','','','','103');
INSERT INTO brand (id,name,information,active,created_by_user_id,created,modified,inactivated,server_brand_id) VALUES ('104','Hitachi','','0','','','','','104');
INSERT INTO brand (id,name,information,active,created_by_user_id,created,modified,inactivated,server_brand_id) VALUES ('105','Homebase','','0','','','','','105');
INSERT INTO brand (id,name,information,active,created_by_user_id,created,modified,inactivated,server_brand_id) VALUES ('106','Huanyi','','0','','','','','106');
INSERT INTO brand (id,name,information,active,created_by_user_id,created,modified,inactivated,server_brand_id) VALUES ('107','Jackson','','0','','','','','107');
INSERT INTO brand (id,name,information,active,created_by_user_id,created,modified,inactivated,server_brand_id) VALUES ('108','JMB','','0','','','','','108');
INSERT INTO brand (id,name,information,active,created_by_user_id,created,modified,inactivated,server_brand_id) VALUES ('109','Kenwood','','0','','','','','109');
INSERT INTO brand (id,name,information,active,created_by_user_id,created,modified,inactivated,server_brand_id) VALUES ('110','Leisure','','0','','','','','110');
INSERT INTO brand (id,name,information,active,created_by_user_id,created,modified,inactivated,server_brand_id) VALUES ('111','Liebherr','','0','','','','','111');
INSERT INTO brand (id,name,information,active,created_by_user_id,created,modified,inactivated,server_brand_id) VALUES ('112','Luxor','','0','','','','','112');
INSERT INTO brand (id,name,information,active,created_by_user_id,created,modified,inactivated,server_brand_id) VALUES ('113','Matsui','','0','','','','','113');
INSERT INTO brand (id,name,information,active,created_by_user_id,created,modified,inactivated,server_brand_id) VALUES ('114','MFI','','0','','','','','114');
INSERT INTO brand (id,name,information,active,created_by_user_id,created,modified,inactivated,server_brand_id) VALUES ('115','Micromarc','','0','','','','','115');
INSERT INTO brand (id,name,information,active,created_by_user_id,created,modified,inactivated,server_brand_id) VALUES ('116','Micromark','','0','','','','','116');
INSERT INTO brand (id,name,information,active,created_by_user_id,created,modified,inactivated,server_brand_id) VALUES ('117','Mitsibushi','','0','','','','','117');
INSERT INTO brand (id,name,information,active,created_by_user_id,created,modified,inactivated,server_brand_id) VALUES ('118','Naiko','','0','','','','','118');
INSERT INTO brand (id,name,information,active,created_by_user_id,created,modified,inactivated,server_brand_id) VALUES ('119','NEC','','0','','','','','119');
INSERT INTO brand (id,name,information,active,created_by_user_id,created,modified,inactivated,server_brand_id) VALUES ('120','NEI','','0','','','','','120');
INSERT INTO brand (id,name,information,active,created_by_user_id,created,modified,inactivated,server_brand_id) VALUES ('121','New World','','0','','','','','121');
INSERT INTO brand (id,name,information,active,created_by_user_id,created,modified,inactivated,server_brand_id) VALUES ('122','Normande','','0','','','','','122');
INSERT INTO brand (id,name,information,active,created_by_user_id,created,modified,inactivated,server_brand_id) VALUES ('123','Norforst','','0','','','','','123');
INSERT INTO brand (id,name,information,active,created_by_user_id,created,modified,inactivated,server_brand_id) VALUES ('124','Ocean','','0','','','','','124');
INSERT INTO brand (id,name,information,active,created_by_user_id,created,modified,inactivated,server_brand_id) VALUES ('125','Onyx','','0','','','','','125');
INSERT INTO brand (id,name,information,active,created_by_user_id,created,modified,inactivated,server_brand_id) VALUES ('126','Parnell','','0','','','','','126');
INSERT INTO brand (id,name,information,active,created_by_user_id,created,modified,inactivated,server_brand_id) VALUES ('127','Sansui','','0','','','','','127');
INSERT INTO brand (id,name,information,active,created_by_user_id,created,modified,inactivated,server_brand_id) VALUES ('128','Sanyo','','0','','','','','128');
INSERT INTO brand (id,name,information,active,created_by_user_id,created,modified,inactivated,server_brand_id) VALUES ('129','Scandinova','','0','','','','','129');
INSERT INTO brand (id,name,information,active,created_by_user_id,created,modified,inactivated,server_brand_id) VALUES ('130','Schreiber','','0','','','','','130');
INSERT INTO brand (id,name,information,active,created_by_user_id,created,modified,inactivated,server_brand_id) VALUES ('131','Sebo','','0','','','','','131');
INSERT INTO brand (id,name,information,active,created_by_user_id,created,modified,inactivated,server_brand_id) VALUES ('132','Snowcap','','0','','','','','132');
INSERT INTO brand (id,name,information,active,created_by_user_id,created,modified,inactivated,server_brand_id) VALUES ('133','Solavox','','0','','','','','133');
INSERT INTO brand (id,name,information,active,created_by_user_id,created,modified,inactivated,server_brand_id) VALUES ('134','TEAC','','0','','','','','134');
INSERT INTO brand (id,name,information,active,created_by_user_id,created,modified,inactivated,server_brand_id) VALUES ('135','Technics','','0','','','','','135');
INSERT INTO brand (id,name,information,active,created_by_user_id,created,modified,inactivated,server_brand_id) VALUES ('136','Technogas','','0','','','','','136');
INSERT INTO brand (id,name,information,active,created_by_user_id,created,modified,inactivated,server_brand_id) VALUES ('137','Tefal','','0','','','','','137');
INSERT INTO brand (id,name,information,active,created_by_user_id,created,modified,inactivated,server_brand_id) VALUES ('138','Terim','','0','','','','','138');
INSERT INTO brand (id,name,information,active,created_by_user_id,created,modified,inactivated,server_brand_id) VALUES ('139','Thomson','','0','','','','','139');
INSERT INTO brand (id,name,information,active,created_by_user_id,created,modified,inactivated,server_brand_id) VALUES ('140','Thorn','','0','','','','','140');
INSERT INTO brand (id,name,information,active,created_by_user_id,created,modified,inactivated,server_brand_id) VALUES ('141','Toshiba','','0','','','','','141');
INSERT INTO brand (id,name,information,active,created_by_user_id,created,modified,inactivated,server_brand_id) VALUES ('142','Vestfrost','','0','','','','','142');
INSERT INTO brand (id,name,information,active,created_by_user_id,created,modified,inactivated,server_brand_id) VALUES ('143','Valor','','0','','','','','143');
INSERT INTO brand (id,name,information,active,created_by_user_id,created,modified,inactivated,server_brand_id) VALUES ('144','Westinghouse','','0','','','','','144');
INSERT INTO brand (id,name,information,active,created_by_user_id,created,modified,inactivated,server_brand_id) VALUES ('145','Zerowatt','','0','','','','','145');
INSERT INTO brand (id,name,information,active,created_by_user_id,created,modified,inactivated,server_brand_id) VALUES ('146','In Sink Erator','','0','','','','','146');
INSERT INTO brand (id,name,information,active,created_by_user_id,created,modified,inactivated,server_brand_id) VALUES ('147','Tweeny','','0','','','','','147');
INSERT INTO brand (id,name,information,active,created_by_user_id,created,modified,inactivated,server_brand_id) VALUES ('148','ISE','','0','','','','','148');
INSERT INTO brand (id,name,information,active,created_by_user_id,created,modified,inactivated,server_brand_id) VALUES ('149','Prochef','','0','','','','','149');
INSERT INTO brand (id,name,information,active,created_by_user_id,created,modified,inactivated,server_brand_id) VALUES ('150','Amica','','1','','','','','150');
INSERT INTO brand (id,name,information,active,created_by_user_id,created,modified,inactivated,server_brand_id) VALUES ('151','HEC','','0','','','','','151');
INSERT INTO brand (id,name,information,active,created_by_user_id,created,modified,inactivated,server_brand_id) VALUES ('152','Kompact','','0','','','','','152');
INSERT INTO brand (id,name,information,active,created_by_user_id,created,modified,inactivated,server_brand_id) VALUES ('153','Elba','','0','','','','','153');
INSERT INTO brand (id,name,information,active,created_by_user_id,created,modified,inactivated,server_brand_id) VALUES ('154','Butler','','0','','','','','154');
INSERT INTO brand (id,name,information,active,created_by_user_id,created,modified,inactivated,server_brand_id) VALUES ('155','John Lewis','','0','','','','','155');
INSERT INTO brand (id,name,information,active,created_by_user_id,created,modified,inactivated,server_brand_id) VALUES ('156','Lamona','','0','','','','','156');
INSERT INTO brand (id,name,information,active,created_by_user_id,created,modified,inactivated,server_brand_id) VALUES ('157','Moffat','','0','','','','','157');
INSERT INTO brand (id,name,information,active,created_by_user_id,created,modified,inactivated,server_brand_id) VALUES ('158','Necht','','0','','','','','158');
INSERT INTO brand (id,name,information,active,created_by_user_id,created,modified,inactivated,server_brand_id) VALUES ('159','V-Zug','','0','','','','','159');
INSERT INTO brand (id,name,information,active,created_by_user_id,created,modified,inactivated,server_brand_id) VALUES ('160','Haus','','0','','','','','160');
INSERT INTO brand (id,name,information,active,created_by_user_id,created,modified,inactivated,server_brand_id) VALUES ('161','Essentials','','0','','','','','161');
INSERT INTO brand (id,name,information,active,created_by_user_id,created,modified,inactivated,server_brand_id) VALUES ('162','Logik','','0','','','','','162');
INSERT INTO brand (id,name,information,active,created_by_user_id,created,modified,inactivated,server_brand_id) VALUES ('163','Statesman','','0','','','','','163');
INSERT INTO brand (id,name,information,active,created_by_user_id,created,modified,inactivated,server_brand_id) VALUES ('164','Technolec','','0','','','','','164');
INSERT INTO brand (id,name,information,active,created_by_user_id,created,modified,inactivated,server_brand_id) VALUES ('165','Crown','','0','','','','','165');
INSERT INTO brand (id,name,information,active,created_by_user_id,created,modified,inactivated,server_brand_id) VALUES ('166','Luxair','','0','','','','','166');
INSERT INTO brand (id,name,information,active,created_by_user_id,created,modified,inactivated,server_brand_id) VALUES ('167','Bush','','0','','','','','167');
INSERT INTO brand (id,name,information,active,created_by_user_id,created,modified,inactivated,server_brand_id) VALUES ('168','Morphy Richards','','0','','','','','168');
INSERT INTO brand (id,name,information,active,created_by_user_id,created,modified,inactivated,server_brand_id) VALUES ('169','ProAction','','0','','','','','169');
INSERT INTO brand (id,name,information,active,created_by_user_id,created,modified,inactivated,server_brand_id) VALUES ('170','Next','','0','','','','','170');
INSERT INTO brand (id,name,information,active,created_by_user_id,created,modified,inactivated,server_brand_id) VALUES ('171','Russell Hobbs','','0','','','','','171');
INSERT INTO brand (id,name,information,active,created_by_user_id,created,modified,inactivated,server_brand_id) VALUES ('1000000','Not Known','Not Known','0','1','','1369920176','','1000000');
COMMIT;

----
-- Drop table for contract_type
----
DROP TABLE 'contract_type';

----
-- Table structure for contract_type
----
CREATE TABLE "contract_type" (id INTEGER PRIMARY KEY AUTOINCREMENT NOT NULL , name TEXT , information TEXT, created_by_user_id INTEGER  , created DATETIME  , CONSTRAINT FK_contract_type_user FOREIGN KEY (created_by_user_id) REFERENCES user(id) ON DELETE CASCADE ON UPDATE RESTRICT );

----
-- Data dump for contract_type, a total of 7 rows
----
BEGIN TRANSACTION;
INSERT INTO contract_type (id,name,information,created_by_user_id,created) VALUES ('1','Manufacturer','','1','1353405391');
INSERT INTO contract_type (id,name,information,created_by_user_id,created) VALUES ('2','Insurer','','1','1353405391');
INSERT INTO contract_type (id,name,information,created_by_user_id,created) VALUES ('3','Agency','','1','1353405391');
INSERT INTO contract_type (id,name,information,created_by_user_id,created) VALUES ('4','Local Government','','1','1353405391');
INSERT INTO contract_type (id,name,information,created_by_user_id,created) VALUES ('5','Private Client','','1','1353405391');
INSERT INTO contract_type (id,name,information,created_by_user_id,created) VALUES ('6','Commercial Client','','1','1353405391');
INSERT INTO contract_type (id,name,information,created_by_user_id,created) VALUES ('1000000','Unknown','N/A','1','1353405391');
COMMIT;

----
-- Drop table for job_status
----
DROP TABLE 'job_status';

----
-- Table structure for job_status
----
CREATE TABLE "job_status" ( "id" INTEGER PRIMARY KEY NOT NULL , "name" TEXT  , "information" TEXT, "published" INTEGER  , "dropdown_display" INTEGER DEFAULT (0) , "view_order" INTEGER  , "dashboard_display" INTEGER DEFAULT (0) , "dashboard_prority_order" INTEGER , "html_name" TEXT, "updated_by_user_id" INTEGER, "updated" DATETIME );

----
-- Data dump for job_status, a total of 24 rows
----
BEGIN TRANSACTION;
INSERT INTO job_status (id,name,information,published,dropdown_display,view_order,dashboard_display,dashboard_prority_order,html_name,updated_by_user_id,updated) VALUES ('1','Logged','Initial State of all servicecalls. Similar to Draft.','1','1','0','1','0','#C9EFF8','1','1383139787');
INSERT INTO job_status (id,name,information,published,dropdown_display,view_order,dashboard_display,dashboard_prority_order,html_name,updated_by_user_id,updated) VALUES ('2','Remotely Booked','','0','0','4','1','6','#F092B8','1','1383139788');
INSERT INTO job_status (id,name,information,published,dropdown_display,view_order,dashboard_display,dashboard_prority_order,html_name,updated_by_user_id,updated) VALUES ('3','Booked','Status changed after engineer is assigned.','1','0','1','1','1','#99A0FF','1','1383149146');
INSERT INTO job_status (id,name,information,published,dropdown_display,view_order,dashboard_display,dashboard_prority_order,html_name,updated_by_user_id,updated) VALUES ('4','Parts to be Ordered','','0','0','2','1','3','#E0FFFF','1','1383139788');
INSERT INTO job_status (id,name,information,published,dropdown_display,view_order,dashboard_display,dashboard_prority_order,html_name,updated_by_user_id,updated) VALUES ('5','Waiting for parts','','1','0','2','1','2','#56F705','1','1383141401');
INSERT INTO job_status (id,name,information,published,dropdown_display,view_order,dashboard_display,dashboard_prority_order,html_name,updated_by_user_id,updated) VALUES ('6','Awaiting Rebooking','','0','0','7','0','13','','1000003','1383040386');
INSERT INTO job_status (id,name,information,published,dropdown_display,view_order,dashboard_display,dashboard_prority_order,html_name,updated_by_user_id,updated) VALUES ('7','Waiting for Technical Information','','0','0','3','0','10','','1000003','1383040933');
INSERT INTO job_status (id,name,information,published,dropdown_display,view_order,dashboard_display,dashboard_prority_order,html_name,updated_by_user_id,updated) VALUES ('8','Awaiting Invoicing','','0','0','9','1','5','#FFF8C6','1','1383139788');
INSERT INTO job_status (id,name,information,published,dropdown_display,view_order,dashboard_display,dashboard_prority_order,html_name,updated_by_user_id,updated) VALUES ('9','No Access','','0','0','4','0','1','#F08287','1000003','1383040403');
INSERT INTO job_status (id,name,information,published,dropdown_display,view_order,dashboard_display,dashboard_prority_order,html_name,updated_by_user_id,updated) VALUES ('10','Recalled','','1','0','7','1','4','#ccff33','1','1383139788');
INSERT INTO job_status (id,name,information,published,dropdown_display,view_order,dashboard_display,dashboard_prority_order,html_name,updated_by_user_id,updated) VALUES ('11','Complete and waiting to be Invoiced','','1','0','9','0','2','','1','1383063525');
INSERT INTO job_status (id,name,information,published,dropdown_display,view_order,dashboard_display,dashboard_prority_order,html_name,updated_by_user_id,updated) VALUES ('12','Advice given on phone','','0','0','2','0','0','','1000003','1383040671');
INSERT INTO job_status (id,name,information,published,dropdown_display,view_order,dashboard_display,dashboard_prority_order,html_name,updated_by_user_id,updated) VALUES ('13','Awaiting customer response','','0','0','4','0','8','','1000003','1383040706');
INSERT INTO job_status (id,name,information,published,dropdown_display,view_order,dashboard_display,dashboard_prority_order,html_name,updated_by_user_id,updated) VALUES ('14','Call avoided by call center','','1','0','5','0','5','','1','1383063524');
INSERT INTO job_status (id,name,information,published,dropdown_display,view_order,dashboard_display,dashboard_prority_order,html_name,updated_by_user_id,updated) VALUES ('15','Call avoided by engineer','','1','0','4','0','14','','1','1383063524');
INSERT INTO job_status (id,name,information,published,dropdown_display,view_order,dashboard_display,dashboard_prority_order,html_name,updated_by_user_id,updated) VALUES ('16','Replaced','Appliance replaced with new one.','1','0','8','0','16','','1','1383063524');
INSERT INTO job_status (id,name,information,published,dropdown_display,view_order,dashboard_display,dashboard_prority_order,html_name,updated_by_user_id,updated) VALUES ('51','Spares Posted','','1','0','3','0','101','','1','1383063524');
INSERT INTO job_status (id,name,information,published,dropdown_display,view_order,dashboard_display,dashboard_prority_order,html_name,updated_by_user_id,updated) VALUES ('52','Awaiting Spares','','0','0','2','0','102','#F7DF00','1','1383061049');
INSERT INTO job_status (id,name,information,published,dropdown_display,view_order,dashboard_display,dashboard_prority_order,html_name,updated_by_user_id,updated) VALUES ('53','custom_status 3','','0','0','2','0','103','','5','1337696161');
INSERT INTO job_status (id,name,information,published,dropdown_display,view_order,dashboard_display,dashboard_prority_order,html_name,updated_by_user_id,updated) VALUES ('54','custom_status 4','','0','0','3','0','104','','5','1337696175');
INSERT INTO job_status (id,name,information,published,dropdown_display,view_order,dashboard_display,dashboard_prority_order,html_name,updated_by_user_id,updated) VALUES ('55','custom_status 5','','0','0','2','0','4','','5','1337694927');
INSERT INTO job_status (id,name,information,published,dropdown_display,view_order,dashboard_display,dashboard_prority_order,html_name,updated_by_user_id,updated) VALUES ('101','Invoiced','','1','0','10','0','6','','1','1383063525');
INSERT INTO job_status (id,name,information,published,dropdown_display,view_order,dashboard_display,dashboard_prority_order,html_name,updated_by_user_id,updated) VALUES ('102','Cancelled','','1','0','6','0','15','','1','1383063524');
INSERT INTO job_status (id,name,information,published,dropdown_display,view_order,dashboard_display,dashboard_prority_order,html_name,updated_by_user_id,updated) VALUES ('103','Customer Invoiced','Customer is charged for the call','0','0','105','0','105','','1','1369911292');
COMMIT;

----
-- Drop table for product_type
----
DROP TABLE 'product_type';

----
-- Table structure for product_type
----
CREATE TABLE "product_type" ("id" INTEGER PRIMARY KEY NOT NULL ,"name" TEXT ,"information" TEXT,"created_by_user_id" INTEGER ,"created" DATETIME ,"modified" DATETIME,"server_product_type_id" INTEGER, active INTEGER, "inactivated" DATETIME);

----
-- Data dump for product_type, a total of 31 rows
----
BEGIN TRANSACTION;
INSERT INTO product_type (id,name,information,created_by_user_id,created,modified,server_product_type_id,active,inactivated) VALUES ('1','Washing Machine','','','','1380026281','1','1','');
INSERT INTO product_type (id,name,information,created_by_user_id,created,modified,server_product_type_id,active,inactivated) VALUES ('2','Washer Dryer','','','','','2','1','');
INSERT INTO product_type (id,name,information,created_by_user_id,created,modified,server_product_type_id,active,inactivated) VALUES ('3','Dishwasher','','','','','3','1','');
INSERT INTO product_type (id,name,information,created_by_user_id,created,modified,server_product_type_id,active,inactivated) VALUES ('4','Freezer','','','','','4','1','');
INSERT INTO product_type (id,name,information,created_by_user_id,created,modified,server_product_type_id,active,inactivated) VALUES ('5','Tumble Dryer (Electric)','','','','','5','1','');
INSERT INTO product_type (id,name,information,created_by_user_id,created,modified,server_product_type_id,active,inactivated) VALUES ('6','Tumble Dryer (Gas)','','','','','6','1','');
INSERT INTO product_type (id,name,information,created_by_user_id,created,modified,server_product_type_id,active,inactivated) VALUES ('7','Cooker (Electric Standard)','','','','','7','1','');
INSERT INTO product_type (id,name,information,created_by_user_id,created,modified,server_product_type_id,active,inactivated) VALUES ('8','Cooker (Dual Fuel Standard)','','','','','8','1','');
INSERT INTO product_type (id,name,information,created_by_user_id,created,modified,server_product_type_id,active,inactivated) VALUES ('9','Gas Hob','','','','','9','1','');
INSERT INTO product_type (id,name,information,created_by_user_id,created,modified,server_product_type_id,active,inactivated) VALUES ('10','Electric Hob','','','','','10','1','');
INSERT INTO product_type (id,name,information,created_by_user_id,created,modified,server_product_type_id,active,inactivated) VALUES ('11','Oven','','','','','11','1','');
INSERT INTO product_type (id,name,information,created_by_user_id,created,modified,server_product_type_id,active,inactivated) VALUES ('12','Microwave','','','','','12','1','');
INSERT INTO product_type (id,name,information,created_by_user_id,created,modified,server_product_type_id,active,inactivated) VALUES ('13','Range Cooker (Gas)','','','','','13','1','');
INSERT INTO product_type (id,name,information,created_by_user_id,created,modified,server_product_type_id,active,inactivated) VALUES ('14','Range Cooker (Electric) ','','','','','14','1','');
INSERT INTO product_type (id,name,information,created_by_user_id,created,modified,server_product_type_id,active,inactivated) VALUES ('15','Cooker Hood','','','','','15','1','');
INSERT INTO product_type (id,name,information,created_by_user_id,created,modified,server_product_type_id,active,inactivated) VALUES ('16','Gas Oven','','','','','16','1','');
INSERT INTO product_type (id,name,information,created_by_user_id,created,modified,server_product_type_id,active,inactivated) VALUES ('17','Waste Disposal','','','','','17','1','');
INSERT INTO product_type (id,name,information,created_by_user_id,created,modified,server_product_type_id,active,inactivated) VALUES ('18','Waste Compactor','','','','','18','1','');
INSERT INTO product_type (id,name,information,created_by_user_id,created,modified,server_product_type_id,active,inactivated) VALUES ('19','Vacuum Cleaner','','','','','19','1','');
INSERT INTO product_type (id,name,information,created_by_user_id,created,modified,server_product_type_id,active,inactivated) VALUES ('20','Fridge','','','','','20','1','');
INSERT INTO product_type (id,name,information,created_by_user_id,created,modified,server_product_type_id,active,inactivated) VALUES ('21','Fridge Freezer (Standard)','','','','','21','1','');
INSERT INTO product_type (id,name,information,created_by_user_id,created,modified,server_product_type_id,active,inactivated) VALUES ('22','Fridge Freezer (American)','','','','','22','1','');
INSERT INTO product_type (id,name,information,created_by_user_id,created,modified,server_product_type_id,active,inactivated) VALUES ('23','Range Cooker (Dual Fuel)','','','','','23','1','');
INSERT INTO product_type (id,name,information,created_by_user_id,created,modified,server_product_type_id,active,inactivated) VALUES ('24','Cooker (Gas Standard)','','','','','24','1','');
INSERT INTO product_type (id,name,information,created_by_user_id,created,modified,server_product_type_id,active,inactivated) VALUES ('25','Induction Hob','','','','','25','1','');
INSERT INTO product_type (id,name,information,created_by_user_id,created,modified,server_product_type_id,active,inactivated) VALUES ('26','Installation','','','','','26','1','');
INSERT INTO product_type (id,name,information,created_by_user_id,created,modified,server_product_type_id,active,inactivated) VALUES ('27','Coffee Machine ','','','','','27','1','');
INSERT INTO product_type (id,name,information,created_by_user_id,created,modified,server_product_type_id,active,inactivated) VALUES ('28','Tumble Dryer (Heat Pump)','','','','','28','1','');
INSERT INTO product_type (id,name,information,created_by_user_id,created,modified,server_product_type_id,active,inactivated) VALUES ('29','PAT Testing','','','','','29','1','');
INSERT INTO product_type (id,name,information,created_by_user_id,created,modified,server_product_type_id,active,inactivated) VALUES ('30','Drying Cabinet','','1','','','30','1','');
INSERT INTO product_type (id,name,information,created_by_user_id,created,modified,server_product_type_id,active,inactivated) VALUES ('1000000','Not Known','Not Known','1','','1366385057','1000000','1','');
COMMIT;

----
-- Drop table for notification_code
----
DROP TABLE 'notification_code';

----
-- Table structure for notification_code
----
CREATE TABLE "notification_code" ("id" INTEGER PRIMARY KEY  NOT NULL , "notify_by" TEXT);

----
-- Data dump for notification_code, a total of 4 rows
----
BEGIN TRANSACTION;
INSERT INTO notification_code (id,notify_by) VALUES ('0','none');
INSERT INTO notification_code (id,notify_by) VALUES ('1','email');
INSERT INTO notification_code (id,notify_by) VALUES ('2','sms');
INSERT INTO notification_code (id,notify_by) VALUES ('3','email and sms');
COMMIT;

----
-- Drop table for advance_settings
----
DROP TABLE 'advance_settings';

----
-- Table structure for advance_settings
----
CREATE TABLE "advance_settings" ("id" INTEGER PRIMARY KEY  AUTOINCREMENT  NOT NULL , "parameter" TEXT, "value" TEXT, "name" TEXT);

----
-- Data dump for advance_settings, a total of 11 rows
----
BEGIN TRANSACTION;
INSERT INTO advance_settings (id,parameter,value,name) VALUES ('1','ftp_url','rapportsoftware.co.uk','Ftp Ur');
INSERT INTO advance_settings (id,parameter,value,name) VALUES ('2','ftp_username','','Ftp Username');
INSERT INTO advance_settings (id,parameter,value,name) VALUES ('3','ftp_password','','Ftp Password');
INSERT INTO advance_settings (id,parameter,value,name) VALUES ('4','ftp_port','','Ftp Port');
INSERT INTO advance_settings (id,parameter,value,name) VALUES ('5','livecall_max_calls','10','Livecall Max Calls');
INSERT INTO advance_settings (id,parameter,value,name) VALUES ('6','livecall_max_day_distance','500','Livecall Max Distance');
INSERT INTO advance_settings (id,parameter,value,name) VALUES ('7','livecall_max_day_traveltime','500','Livecall Max Travell time');
INSERT INTO advance_settings (id,parameter,value,name) VALUES ('10001','internet_connected','1','Internet Available');
INSERT INTO advance_settings (id,parameter,value,name) VALUES ('10002','warranty_notification','1','Warranty Notification');
INSERT INTO advance_settings (id,parameter,value,name) VALUES ('10003','notification_lifetime','1','Lifetime of Notification Messages In Days (Messages older than given value will be automatically deleted )');
INSERT INTO advance_settings (id,parameter,value,name) VALUES ('10004','engglistdisplayformat','2','Engineer List Display Format');
COMMIT;

----
-- Drop table for country_codes
----
DROP TABLE 'country_codes';

----
-- Table structure for country_codes
----
CREATE TABLE "country_codes" ("id" INTEGER PRIMARY KEY AUTOINCREMENT NOT NULL , "iso2" TEXT, "short_name" TEXT, "long_name" TEXT, "iso3" TEXT, "numcode" TEXT, "un_member" TEXT, "calling_code" TEXT, "cctld" TEXT);

----
-- Data dump for country_codes, a total of 3 rows
----
BEGIN TRANSACTION;
INSERT INTO country_codes (id,iso2,short_name,long_name,iso3,numcode,un_member,calling_code,cctld) VALUES ('1','GB','United Kingdom','United Kingdom of Great Britain and Nothern Ireland','GBR','826','yes','44','.uk');
INSERT INTO country_codes (id,iso2,short_name,long_name,iso3,numcode,un_member,calling_code,cctld) VALUES ('2','IN','India','Republic of India','IND','356','yes','91','.in');
INSERT INTO country_codes (id,iso2,short_name,long_name,iso3,numcode,un_member,calling_code,cctld) VALUES ('3','US, CA','United States, Canada','United States of America, Canada','USA, CAN','840, 124','yes','1','.us, .ca');
COMMIT;

----
-- Drop table for tasks_to_do
----
DROP TABLE 'tasks_to_do';

----
-- Table structure for tasks_to_do
----
CREATE TABLE tasks_to_do(id INTEGER PRIMARY KEY NOT NULL, task TEXT, status TEXT, msgbody TEXT, subject TEXT, send_to TEXT, created DATETIME, scheduled DATETIME, executed DATETIME, finished DATETIME);

----
-- Data dump for tasks_to_do, a total of 0 rows
----
BEGIN TRANSACTION;
COMMIT;

----
-- Drop table for setup
----
DROP TABLE 'setup';

----
-- Table structure for setup
----
CREATE TABLE "setup" ("id" INTEGER PRIMARY KEY  NOT NULL ,"company" TEXT,"address" TEXT,"town" TEXT,"postcode_s" TEXT,"postcode_e" TEXT,"county" TEXT,"country_id" INTEGER,"email" TEXT,"telephone" TEXT,"mobile" TEXT,"alternate" TEXT,"fax" TEXT,"postcodeanywhere_account_code" TEXT,"postcodeanywhere_license_key" TEXT,"website" TEXT,"vat_reg_no" TEXT,"company_number" TEXT,"postcode" TEXT,"version_update_url" TEXT,"live_booking_id" INTEGER);

----
-- Data dump for setup, a total of 1 rows
----
BEGIN TRANSACTION;
INSERT INTO setup (id,company,address,town,postcode_s,postcode_e,county,country_id,email,telephone,mobile,alternate,fax,postcodeanywhere_account_code,postcodeanywhere_license_key,website,vat_reg_no,company_number,postcode,version_update_url,live_booking_id) VALUES ('1','DEMO','DEMO','DEMO','DEMO','DEMO','DEMO','1','DEMO@DEMO.co.uk','DEMO','44','','DEMO','DEMO','DEMO','DEMO','','','DEMO','http://www.rapportsoftware.co.uk/versions','');
COMMIT;

----
-- Drop table for addons
----
DROP TABLE 'addons';

----
-- Table structure for addons
----
CREATE TABLE addons(id INTEGER PRIMARY KEY NOT NULL, type TEXT, name TEXT, addon_label TEXT, information TEXT, active INTEGER, created_on DATETIME, created_by INTEGER, inactivated_on DATETIME, inactivated_by INTEGER);

----
-- Data dump for addons, a total of 1 rows
----
BEGIN TRANSACTION;
INSERT INTO addons (id,type,name,addon_label,information,active,created_on,created_by,inactivated_on,inactivated_by) VALUES ('1','Component','gomobile','GoMobile','','1','1424257657','1','','');
COMMIT;

----
-- Drop table for tbl_users
----
DROP TABLE 'tbl_users';

----
-- Table structure for tbl_users
----
CREATE TABLE tbl_users (
  id INTEGER NOT NULL  PRIMARY KEY AUTOINCREMENT,
  username varchar(20) NOT NULL,
  password varchar(128) NOT NULL,
  email varchar(128) NOT NULL,
  activkey varchar(128) NOT NULL DEFAULT '',
  createtime int(10) NOT NULL DEFAULT '0',
  lastvisit int(10) NOT NULL DEFAULT '0',
  superuser int(1) NOT NULL DEFAULT '0',
  status int(1) NOT NULL DEFAULT '0'
);

----
-- Data dump for tbl_users, a total of 4 rows
----
BEGIN TRANSACTION;
INSERT INTO tbl_users (id,username,password,email,activkey,createtime,lastvisit,superuser,status) VALUES ('1','admin','21232f297a57a5a743894a0e4a801fc3','webmaster@example.com','21232f297a57a5a743894a0e4a801fc3','1261146094','1424257673','1','1');
INSERT INTO tbl_users (id,username,password,email,activkey,createtime,lastvisit,superuser,status) VALUES ('2','demo','fe01ce2a7fbac8fafaed7c982a04e229','demo@example.com','fe01ce2a7fbac8fafaed7c982a04e229','1261146096','1423574715','0','1');
INSERT INTO tbl_users (id,username,password,email,activkey,createtime,lastvisit,superuser,status) VALUES ('3','purva','e824772bbdda3f02a30d17840359c865','pp@p.cpo','9829bf3c0b06fd1f09e2b30b502a4e3b','1406558573','1406648432','0','1');
INSERT INTO tbl_users (id,username,password,email,activkey,createtime,lastvisit,superuser,status) VALUES ('4','anne','e3fb62ebfa4f36acf5cbff6a6ed0f2e0','anne@gmail.com','9083e70463dc77efb9ac987cc3a23553','1423574125','1424257146','0','1');
COMMIT;

----
-- Drop table for tbl_profiles_fields
----
DROP TABLE 'tbl_profiles_fields';

----
-- Table structure for tbl_profiles_fields
----
CREATE TABLE tbl_profiles_fields (
  id INTEGER NOT NULL PRIMARY KEY AUTOINCREMENT,
  varname varchar(50) NOT NULL,
  title varchar(255) NOT NULL,
  field_type varchar(50) NOT NULL,
  field_size int(3) NOT NULL DEFAULT '0',
  field_size_min int(3) NOT NULL DEFAULT '0',
  required int(1) NOT NULL DEFAULT '0',
  match varchar(255) NOT NULL DEFAULT '',
  range varchar(255) NOT NULL DEFAULT '',
  error_message varchar(255) NOT NULL DEFAULT '',
  other_validator TEXT NOT NULL DEFAULT '',
  'default' varchar(255) NOT NULL DEFAULT '',
  widget varchar(255) NOT NULL DEFAULT '',
  widgetparams TEXT NOT NULL DEFAULT '',
  position int(3) NOT NULL DEFAULT '0',
  visible int(1) NOT NULL DEFAULT '0'
);

----
-- Data dump for tbl_profiles_fields, a total of 0 rows
----
BEGIN TRANSACTION;
COMMIT;

----
-- Drop table for tbl_profiles
----
DROP TABLE 'tbl_profiles';

----
-- Table structure for tbl_profiles
----
CREATE TABLE tbl_profiles (
  user_id INTEGER NOT NULL PRIMARY KEY,
  lastname varchar(50) NOT NULL DEFAULT '',
  firstname varchar(50) NOT NULL DEFAULT '',
  birthday date NOT NULL DEFAULT '0000-00-00'
);

----
-- Data dump for tbl_profiles, a total of 4 rows
----
BEGIN TRANSACTION;
INSERT INTO tbl_profiles (user_id,lastname,firstname,birthday) VALUES ('1','Admin','Administrator','0000-00-00');
INSERT INTO tbl_profiles (user_id,lastname,firstname,birthday) VALUES ('2','Demo','Demo','0000-00-00');
INSERT INTO tbl_profiles (user_id,lastname,firstname,birthday) VALUES ('3','Talati','Purva','2014-07-15');
INSERT INTO tbl_profiles (user_id,lastname,firstname,birthday) VALUES ('4','anne','anne','');
COMMIT;

----
-- Drop table for Rights
----
DROP TABLE 'Rights';

----
-- Table structure for Rights
----
CREATE TABLE Rights
(
	itemname varchar(64) not null,
	type integer not null,
	weight integer not null,
	primary key (itemname),
	foreign key (itemname) references AuthItem (name) on delete cascade on update cascade
);

----
-- Data dump for Rights, a total of 0 rows
----
BEGIN TRANSACTION;
COMMIT;

----
-- Drop table for AuthItemChild
----
DROP TABLE 'AuthItemChild';

----
-- Table structure for AuthItemChild
----
CREATE TABLE AuthItemChild
(
   parent varchar(64) not null,
   child varchar(64) not null,
   primary key (parent,child),
   foreign key (parent) references AuthItem (name) on delete cascade on update cascade,
   foreign key (child) references AuthItem (name) on delete cascade on update cascade
);

----
-- Data dump for AuthItemChild, a total of 36 rows
----
BEGIN TRANSACTION;
INSERT INTO AuthItemChild (parent,child) VALUES ('Operator','Servicecall.*');
INSERT INTO AuthItemChild (parent,child) VALUES ('Operator','Servicecall.AddProduct');
INSERT INTO AuthItemChild (parent,child) VALUES ('Operator','Servicecall.Admin');
INSERT INTO AuthItemChild (parent,child) VALUES ('Operator','Servicecall.ChangeEngineerOnly');
INSERT INTO AuthItemChild (parent,child) VALUES ('Operator','Servicecall.Create');
INSERT INTO AuthItemChild (parent,child) VALUES ('Operator','Servicecall.Displaymap');
INSERT INTO AuthItemChild (parent,child) VALUES ('Operator','Servicecall.EngineerDiary');
INSERT INTO AuthItemChild (parent,child) VALUES ('Operator','Servicecall.ExistingCustomer');
INSERT INTO AuthItemChild (parent,child) VALUES ('Operator','Servicecall.FreeSearch');
INSERT INTO AuthItemChild (parent,child) VALUES ('Operator','Servicecall.Getitems');
INSERT INTO AuthItemChild (parent,child) VALUES ('Operator','Servicecall.HtmlPreview');
INSERT INTO AuthItemChild (parent,child) VALUES ('Operator','Servicecall.Index');
INSERT INTO AuthItemChild (parent,child) VALUES ('Operator','Servicecall.Preview');
INSERT INTO AuthItemChild (parent,child) VALUES ('Operator','Servicecall.PrintAllJobsForDay');
INSERT INTO AuthItemChild (parent,child) VALUES ('Operator','Servicecall.SearchEngine');
INSERT INTO AuthItemChild (parent,child) VALUES ('Operator','Servicecall.SelectEngineer');
INSERT INTO AuthItemChild (parent,child) VALUES ('Operator','Servicecall.View');
INSERT INTO AuthItemChild (parent,child) VALUES ('Operator','Servicecall.Update');
INSERT INTO AuthItemChild (parent,child) VALUES ('Operator','Customer.Admin');
INSERT INTO AuthItemChild (parent,child) VALUES ('Operator','Customer.Create');
INSERT INTO AuthItemChild (parent,child) VALUES ('Operator','Customer.FreeSearch');
INSERT INTO AuthItemChild (parent,child) VALUES ('Operator','Customer.Index');
INSERT INTO AuthItemChild (parent,child) VALUES ('Operator','Customer.ListOfCustomers');
INSERT INTO AuthItemChild (parent,child) VALUES ('Operator','Customer.OpenDialog');
INSERT INTO AuthItemChild (parent,child) VALUES ('Operator','Customer.SearchEngine');
INSERT INTO AuthItemChild (parent,child) VALUES ('Operator','Customer.TestSMS');
INSERT INTO AuthItemChild (parent,child) VALUES ('Operator','Customer.Update');
INSERT INTO AuthItemChild (parent,child) VALUES ('Operator','Customer.UpdateCustomer');
INSERT INTO AuthItemChild (parent,child) VALUES ('Operator','Customer.View');
INSERT INTO AuthItemChild (parent,child) VALUES ('Operator','Customer.ViewProduct');
INSERT INTO AuthItemChild (parent,child) VALUES ('Operator','Engineer.Admin');
INSERT INTO AuthItemChild (parent,child) VALUES ('Operator','Engineer.Create');
INSERT INTO AuthItemChild (parent,child) VALUES ('Operator','Engineer.Delete');
INSERT INTO AuthItemChild (parent,child) VALUES ('Operator','Engineer.Index');
INSERT INTO AuthItemChild (parent,child) VALUES ('Operator','Engineer.Update');
INSERT INTO AuthItemChild (parent,child) VALUES ('Operator','Engineer.View');
COMMIT;

----
-- Drop table for AuthItem
----
DROP TABLE 'AuthItem';

----
-- Table structure for AuthItem
----
CREATE TABLE AuthItem
(
   name varchar(64) not null,
   type integer not null,
   description text,
   bizrule text,
   data text,
   primary key (name)
);

----
-- Data dump for AuthItem, a total of 40 rows
----
BEGIN TRANSACTION;
INSERT INTO AuthItem (name,type,description,bizrule,data) VALUES ('Admin','2','Admin:Have all access','','N;');
INSERT INTO AuthItem (name,type,description,bizrule,data) VALUES ('Operator','2','Operator: Have limited access','','N;');
INSERT INTO AuthItem (name,type,description,bizrule,data) VALUES ('Servicecall.*','1','','','N;');
INSERT INTO AuthItem (name,type,description,bizrule,data) VALUES ('Servicecall.View','0','','','N;');
INSERT INTO AuthItem (name,type,description,bizrule,data) VALUES ('Servicecall.Preview','0','','','N;');
INSERT INTO AuthItem (name,type,description,bizrule,data) VALUES ('Servicecall.HtmlPreview','0','','','N;');
INSERT INTO AuthItem (name,type,description,bizrule,data) VALUES ('Servicecall.Create','0','','','N;');
INSERT INTO AuthItem (name,type,description,bizrule,data) VALUES ('Servicecall.Update','0','','','N;');
INSERT INTO AuthItem (name,type,description,bizrule,data) VALUES ('Servicecall.Index','0','','','N;');
INSERT INTO AuthItem (name,type,description,bizrule,data) VALUES ('Servicecall.Admin','0','','','N;');
INSERT INTO AuthItem (name,type,description,bizrule,data) VALUES ('Servicecall.ExistingCustomer','0','','','N;');
INSERT INTO AuthItem (name,type,description,bizrule,data) VALUES ('Servicecall.PrintAllJobsForDay','0','','','N;');
INSERT INTO AuthItem (name,type,description,bizrule,data) VALUES ('Servicecall.AddProduct','0','','','N;');
INSERT INTO AuthItem (name,type,description,bizrule,data) VALUES ('Servicecall.FreeSearch','0','','','N;');
INSERT INTO AuthItem (name,type,description,bizrule,data) VALUES ('Servicecall.SearchEngine','0','','','N;');
INSERT INTO AuthItem (name,type,description,bizrule,data) VALUES ('Servicecall.Getitems','0','','','N;');
INSERT INTO AuthItem (name,type,description,bizrule,data) VALUES ('Servicecall.ChangeEngineerOnly','0','','','N;');
INSERT INTO AuthItem (name,type,description,bizrule,data) VALUES ('Servicecall.EngineerDiary','0','','','N;');
INSERT INTO AuthItem (name,type,description,bizrule,data) VALUES ('Servicecall.SelectEngineer','0','','','N;');
INSERT INTO AuthItem (name,type,description,bizrule,data) VALUES ('Servicecall.Displaymap','0','','','N;');
INSERT INTO AuthItem (name,type,description,bizrule,data) VALUES ('Customer.*','1','','','N;');
INSERT INTO AuthItem (name,type,description,bizrule,data) VALUES ('Engineer.*','1','','','N;');
INSERT INTO AuthItem (name,type,description,bizrule,data) VALUES ('Customer.View','0','','','N;');
INSERT INTO AuthItem (name,type,description,bizrule,data) VALUES ('Customer.Create','0','','','N;');
INSERT INTO AuthItem (name,type,description,bizrule,data) VALUES ('Customer.Update','0','','','N;');
INSERT INTO AuthItem (name,type,description,bizrule,data) VALUES ('Customer.Index','0','','','N;');
INSERT INTO AuthItem (name,type,description,bizrule,data) VALUES ('Customer.Admin','0','','','N;');
INSERT INTO AuthItem (name,type,description,bizrule,data) VALUES ('Customer.ListOfCustomers','0','','','N;');
INSERT INTO AuthItem (name,type,description,bizrule,data) VALUES ('Customer.UpdateCustomer','0','','','N;');
INSERT INTO AuthItem (name,type,description,bizrule,data) VALUES ('Customer.FreeSearch','0','','','N;');
INSERT INTO AuthItem (name,type,description,bizrule,data) VALUES ('Customer.SearchEngine','0','','','N;');
INSERT INTO AuthItem (name,type,description,bizrule,data) VALUES ('Customer.ViewProduct','0','','','N;');
INSERT INTO AuthItem (name,type,description,bizrule,data) VALUES ('Customer.OpenDialog','0','','','N;');
INSERT INTO AuthItem (name,type,description,bizrule,data) VALUES ('Customer.TestSMS','0','','','N;');
INSERT INTO AuthItem (name,type,description,bizrule,data) VALUES ('Engineer.View','0','','','N;');
INSERT INTO AuthItem (name,type,description,bizrule,data) VALUES ('Engineer.Create','0','','','N;');
INSERT INTO AuthItem (name,type,description,bizrule,data) VALUES ('Engineer.Update','0','','','N;');
INSERT INTO AuthItem (name,type,description,bizrule,data) VALUES ('Engineer.Delete','0','','','N;');
INSERT INTO AuthItem (name,type,description,bizrule,data) VALUES ('Engineer.Index','0','','','N;');
INSERT INTO AuthItem (name,type,description,bizrule,data) VALUES ('Engineer.Admin','0','','','N;');
COMMIT;

----
-- Drop table for AuthAssignment
----
DROP TABLE 'AuthAssignment';

----
-- Table structure for AuthAssignment
----
CREATE TABLE AuthAssignment
(
   itemname varchar(64) not null,
   userid varchar(64) not null,
   bizrule text,
   data text,
   primary key (itemname,userid),
   foreign key (itemname) references AuthItem (name) on delete cascade on update cascade
);

----
-- Data dump for AuthAssignment, a total of 3 rows
----
BEGIN TRANSACTION;
INSERT INTO AuthAssignment (itemname,userid,bizrule,data) VALUES ('Admin','1','','N;');
INSERT INTO AuthAssignment (itemname,userid,bizrule,data) VALUES ('Admin','4','','N;');
INSERT INTO AuthAssignment (itemname,userid,bizrule,data) VALUES ('Operator','2','','N;');
COMMIT;

----
-- Drop table for gm_json_fields
----
DROP TABLE 'gm_json_fields';

----
-- Table structure for gm_json_fields
----
CREATE TABLE gm_json_fields(id INTEGER PRIMARY KEY NOT NULL, field_type TEXT, field_relation TEXT, field_label TEXT, sort_order INTEGER, active INTEGER, created INTEGER);

----
-- Data dump for gm_json_fields, a total of 7 rows
----
BEGIN TRANSACTION;
INSERT INTO gm_json_fields (id,field_type,field_relation,field_label,sort_order,active,created) VALUES ('2','TEXT','customer|fullname','Customer','','','');
INSERT INTO gm_json_fields (id,field_type,field_relation,field_label,sort_order,active,created) VALUES ('3','TEXT','customer|postcode','Postcode','','','');
INSERT INTO gm_json_fields (id,field_type,field_relation,field_label,sort_order,active,created) VALUES ('5','INTEGER','product|model_number','Model','','','');
INSERT INTO gm_json_fields (id,field_type,field_relation,field_label,sort_order,active,created) VALUES ('6','TEXT','product|productType|name','Type','','','');
INSERT INTO gm_json_fields (id,field_type,field_relation,field_label,sort_order,active,created) VALUES ('7','TEXT','fault_description','Fault','','','');
INSERT INTO gm_json_fields (id,field_type,field_relation,field_label,sort_order,active,created) VALUES ('8','DATETIME','enggdiary|visit_start_date','Appointment Date','','1','1418329753');
INSERT INTO gm_json_fields (id,field_type,field_relation,field_label,sort_order,active,created) VALUES ('9','TEXT','customer|product|brand|name','Brand','','','1421321293');
COMMIT;

----
-- Drop table for gm_server_status
----
DROP TABLE 'gm_server_status';

----
-- Table structure for gm_server_status
----
CREATE TABLE gm_server_status(id INTEGER PRIMARY KEY NOT NULL, name TEXT);

----
-- Data dump for gm_server_status, a total of 5 rows
----
BEGIN TRANSACTION;
INSERT INTO gm_server_status (id,name) VALUES ('1','Sent');
INSERT INTO gm_server_status (id,name) VALUES ('2','Approved');
INSERT INTO gm_server_status (id,name) VALUES ('3','Rejected');
INSERT INTO gm_server_status (id,name) VALUES ('4','Cancelled');
INSERT INTO gm_server_status (id,name) VALUES ('5','Received from Server');
COMMIT;

----
-- Drop table for gm_servicecalls
----
DROP TABLE 'gm_servicecalls';

----
-- Table structure for gm_servicecalls
----
CREATE TABLE gm_servicecalls(id INTEGER PRIMARY KEY NOT NULL, servicecall_id INTEGER,service_reference_number INTEGER, server_status_id INTEGER, created INTEGER, modified INTEGER, comments TEXT);

----
-- Data dump for gm_servicecalls, a total of 2 rows
----
BEGIN TRANSACTION;
INSERT INTO gm_servicecalls (id,servicecall_id,service_reference_number,server_status_id,created,modified,comments) VALUES ('1','29287','127550','3','1421860671','','Servicecall Cannot be Sent as engineer email is not found on the server. Please contact us at www.rapportsoftware.co.uk');
INSERT INTO gm_servicecalls (id,servicecall_id,service_reference_number,server_status_id,created,modified,comments) VALUES ('2','29287','127550','3','1421861482','','Servicecall Cannot be Sent as engineer email is not found on the server. Please contact us at www.rapportsoftware.co.uk');
COMMIT;

----
-- Drop table for contract
----
DROP TABLE 'contract';

----
-- Table structure for contract
----
CREATE TABLE "contract" ("id" INTEGER PRIMARY KEY  NOT NULL ,"contract_type_id" INTEGER,"name" TEXT,"main_contact_details_id" INTEGER,"vat_reg_number" TEXT,"notes" TEXT,"active" INTEGER,"inactivated_by_user_id" INTEGER,"inactivated_on" DATETIME,"created_by_user_id" INTEGER,"created" DATETIME,"modified" DATETIME,"management_contact_details" TEXT,"spares_contact_details" TEXT,"accounts_contact_details" TEXT,"technical_contact_details" TEXT,"short_name" TEXT,"labour_warranty_months_duration" INTEGER,"parts_warranty_months_duration" INTEGER);

----
-- Data dump for contract, a total of 1 rows
----
BEGIN TRANSACTION;
INSERT INTO contract (id,contract_type_id,name,main_contact_details_id,vat_reg_number,notes,active,inactivated_by_user_id,inactivated_on,created_by_user_id,created,modified,management_contact_details,spares_contact_details,accounts_contact_details,technical_contact_details,short_name,labour_warranty_months_duration,parts_warranty_months_duration) VALUES ('1000000','1000000','Unknown Contract','1000000','','','1','','','1','1350473939','','Same as main contact','Same as main contact','Same as main contact','Same as main contact','UnknownContract','','');
COMMIT;

----
-- Drop table for contact_details
----
DROP TABLE 'contact_details';

----
-- Table structure for contact_details
----
CREATE TABLE "contact_details" ( id INTEGER PRIMARY KEY NOT NULL , address_line_1 TEXT , address_line_2 TEXT, address_line_3 TEXT, town TEXT , postcode_s TEXT, postcode_e TEXT , postcode TEXT , county TEXT, state TEXT, country TEXT, latitudes TEXT, longitudes TEXT, mobile TEXT, telephone TEXT , fax TEXT, email TEXT , website TEXT, created DATETIME , lockcode INTEGER );

----
-- Data dump for contact_details, a total of 1 rows
----
BEGIN TRANSACTION;
INSERT INTO contact_details (id,address_line_1,address_line_2,address_line_3,town,postcode_s,postcode_e,postcode,county,state,country,latitudes,longitudes,mobile,telephone,fax,email,website,created,lockcode) VALUES ('1000000','N/A','N/A','','N/A','N/A','N/A','N/A N/A','','','','','','N/A','N/A','','N/A','','1366114663','0');
COMMIT;

----
-- Drop table for engineer
----
DROP TABLE 'engineer';

----
-- Table structure for engineer
----
CREATE TABLE "engineer" (id INTEGER PRIMARY KEY AUTOINCREMENT NOT NULL , first_name TEXT, last_name TEXT , active INTEGER  , company TEXT, vat_reg_number TEXT, notes TEXT, inactivated_by_user_id INTEGER, inactivated_on DATETIME, contact_details_id INTEGER , delivery_contact_details_id INTEGER, created_by_user_id INTEGER  , created DATETIME  , modified DATETIME, fullname TEXT, CONSTRAINT FK_engineer_user FOREIGN KEY (inactivated_by_user_id ) REFERENCES user(id) ON DELETE CASCADE ON UPDATE RESTRICT, CONSTRAINT FK_engineer_user FOREIGN KEY (created_by_user_id ) REFERENCES user(id) ON DELETE CASCADE ON UPDATE RESTRICT, CONSTRAINT FK_engineer_contact_details FOREIGN KEY (contact_details_id ) REFERENCES contact_details(id) ON DELETE CASCADE ON UPDATE RESTRICT, CONSTRAINT FK_engineer_contact_details FOREIGN KEY (delivery_contact_details_id ) REFERENCES contact_details(id) ON DELETE CASCADE ON UPDATE RESTRICT );

----
-- Data dump for engineer, a total of 1 rows
----
BEGIN TRANSACTION;
INSERT INTO engineer (id,first_name,last_name,active,company,vat_reg_number,notes,inactivated_by_user_id,inactivated_on,contact_details_id,delivery_contact_details_id,created_by_user_id,created,modified,fullname) VALUES ('90000000','Not','Assigned','1','Not Assigned','N/A','N/A','','','1000000','1000000','2','1366114663','1424268011','Not Assigned');
COMMIT;

----
-- Drop table for customer
----
DROP TABLE 'customer';

----
-- Table structure for customer
----
CREATE TABLE "customer" ( "id" INTEGER PRIMARY KEY NOT NULL , "product_id" INTEGER , "title" TEXT , "first_name" TEXT  , "last_name" TEXT , "fullname" TEXT, "address_line_1" TEXT , "address_line_2" TEXT, "address_line_3" TEXT, "town" TEXT , "postcode_s" TEXT , "postcode_e" TEXT , "postcode" TEXT , "county" TEXT, "state" TEXT, "country" TEXT, "latitudes" TEXT, "longitudes" TEXT, "telephone" TEXT , "mobile" TEXT, "fax" TEXT, "email" TEXT , "notes" TEXT, "created_by_user_id" INTEGER , "created" DATETIME , "modified" DATETIME, "lockcode" INTEGER );

----
-- Data dump for customer, a total of 0 rows
----
BEGIN TRANSACTION;
COMMIT;

----
-- Drop table for enggdiary
----
DROP TABLE 'enggdiary';

----
-- Table structure for enggdiary
----
CREATE TABLE "enggdiary" ("id" INTEGER PRIMARY KEY NOT NULL ,"engineer_id" INTEGER ,"visit_start_date" DATETIME ,"visit_end_date" DATETIME,"slots" INTEGER,"servicecall_id" INTEGER,"user_id" INTEGER ,"created" DATETIME  ,"modified" DATETIME,"status" INTEGER, "notes" TEXT);

----
-- Data dump for enggdiary, a total of 0 rows
----
BEGIN TRANSACTION;
COMMIT;

----
-- Drop table for notification_rules
----
DROP TABLE 'notification_rules';

----
-- Table structure for notification_rules
----
CREATE TABLE "notification_rules" ("id" INTEGER PRIMARY KEY AUTOINCREMENT NOT NULL , "job_status_id" INTEGER, "active" BLOB, "customer_notification_code" INTEGER, "engineer_notification_code" INTEGER, "warranty_provider_notification_code" INTEGER, "notify_others" BLOB, "created" DATETIME, "modified" DATETIME, "delete" DATETIME, CONSTRAINT FK_notification_rules_notification_code FOREIGN KEY (customer_notification_code) REFERENCES notification_code(id) ON DELETE CASCADE ON UPDATE RESTRICT, CONSTRAINT FK_notification_rules_notification_code FOREIGN KEY (engineer_notification_code) REFERENCES notification_code(id) ON DELETE CASCADE ON UPDATE RESTRICT, CONSTRAINT FK_notification_rules_notification_code FOREIGN KEY (warranty_provider_notification_code) REFERENCES notification_code(id) ON DELETE CASCADE ON UPDATE RESTRICT, CONSTRAINT FK_notification_rules_job_status FOREIGN KEY (job_status_id) REFERENCES job_status (id) ON DELETE CASCADE ON UPDATE RESTRICT );

----
-- Data dump for notification_rules, a total of 2 rows
----
BEGIN TRANSACTION;
INSERT INTO notification_rules (id,job_status_id,active,customer_notification_code,engineer_notification_code,warranty_provider_notification_code,notify_others,created,modified,delete) VALUES ('1','3','1','1','1','0','0','1424257600','','');
INSERT INTO notification_rules (id,job_status_id,active,customer_notification_code,engineer_notification_code,warranty_provider_notification_code,notify_others,created,modified,delete) VALUES ('2','1','1','1','1','0','0','1424257609','','');
COMMIT;

----
-- Drop table for notification_contact
----
DROP TABLE 'notification_contact';

----
-- Table structure for notification_contact
----
CREATE TABLE "notification_contact" ("id" INTEGER PRIMARY KEY  NOT NULL ,"notification_rule_id" INTEGER,"person_name" TEXT,"person_info" TEXT,"email" TEXT,"mobile" TEXT,"notification_code_id" INTEGER,"created" DATETIME,"modified" DATETIME,"deleted" DATETIME);

----
-- Data dump for notification_contact, a total of 0 rows
----
BEGIN TRANSACTION;
COMMIT;

----
-- Drop table for product
----
DROP TABLE 'product';

----
-- Table structure for product
----
CREATE TABLE "product" (id INTEGER PRIMARY KEY AUTOINCREMENT NOT NULL , contract_id INTEGER , brand_id INTEGER , product_type_id INTEGER , customer_id INTEGER , engineer_id INTEGER, purchased_from TEXT, purchase_date DATETIME, warranty_date DATETIME, model_number TEXT, serial_number TEXT, production_code TEXT, enr_number TEXT, fnr_number TEXT, discontinued INTEGER, warranty_for_months INTEGER, purchase_price FLOAT, notes TEXT, created_by_user_id INTEGER, created DATETIME , modified DATETIME, cancelled DATETIME, lockcode INTEGER, CONSTRAINT FK_product_user FOREIGN KEY (created_by_user_id ) REFERENCES user(id) ON DELETE CASCADE ON UPDATE RESTRICT , CONSTRAINT FK_product_contract FOREIGN KEY (contract_id ) REFERENCES contract(id) ON DELETE CASCADE ON UPDATE RESTRICT , CONSTRAINT FK_product_brand FOREIGN KEY (brand_id ) REFERENCES brand(id) ON DELETE CASCADE ON UPDATE RESTRICT , CONSTRAINT FK_product_product_type FOREIGN KEY (product_type_id ) REFERENCES product_type(id) ON DELETE CASCADE ON UPDATE RESTRICT , CONSTRAINT FK_product_customer FOREIGN KEY (customer_id ) REFERENCES customer(id) ON DELETE CASCADE ON UPDATE RESTRICT , CONSTRAINT FK_product_engineer FOREIGN KEY (engineer_id ) REFERENCES engineer(id) ON DELETE CASCADE ON UPDATE RESTRICT );

----
-- Data dump for product, a total of 0 rows
----
BEGIN TRANSACTION;
COMMIT;

----
-- Drop table for spares_used
----
DROP TABLE 'spares_used';

----
-- Table structure for spares_used
----
CREATE TABLE "spares_used" ("id" INTEGER PRIMARY KEY NOT NULL ,"master_item_id" INTEGER ,"servicecall_id" INTEGER ,"item_name" TEXT,"part_number" TEXT,"unit_price" FLOAT,"quantity" INTEGER ,"total_price" FLOAT,"date_ordered" DATETIME,"created" DATETIME ,"modified" DATETIME,"created_by_user" INTEGER );

----
-- Data dump for spares_used, a total of 0 rows
----
BEGIN TRANSACTION;
COMMIT;

----
-- Drop table for servicecall
----
DROP TABLE 'servicecall';

----
-- Table structure for servicecall
----
CREATE TABLE "servicecall" ("id" INTEGER PRIMARY KEY NOT NULL ,"service_reference_number" INTEGER,"customer_id" INTEGER,"product_id" INTEGER,"contract_id" INTEGER,"engineer_id" INTEGER,"insurer_reference_number" TEXT,"job_status_id" INTEGER,"fault_date" DATETIME,"fault_code" TEXT,"fault_description" TEXT,"engg_diary_id" INTEGER,"work_carried_out" TEXT,"spares_used_status_id" INTEGER DEFAULT (NULL) ,"total_cost" FLOAT,"vat_on_total" FLOAT,"net_cost" FLOAT,"job_payment_date" DATETIME,"job_finished_date" DATETIME,"notes" TEXT,"created_by_user_id" INTEGER,"created" DATETIME,"modified" DATETIME,"cancelled" DATETIME,"closed" DATETIME,"number_of_visits" INTEGER DEFAULT (0) ,"activity_log" TEXT,"comments" TEXT,"recalled_job" INTEGER, "work_summary" TEXT);

----
-- Data dump for servicecall, a total of 0 rows
----
BEGIN TRANSACTION;
COMMIT;

----
-- Drop table for retailers_and_distributors
----
DROP TABLE 'retailers_and_distributors';

----
-- Table structure for retailers_and_distributors
----
CREATE TABLE retailers_and_distributors(id INTEGER PRIMARY KEY NOT NULL, company TEXT, companytype TEXT, contact_person TEXT, address TEXT, town TEXT, postcode TEXT, telephone TEXT, created DATETIME);

----
-- Data dump for retailers_and_distributors, a total of 2 rows
----
BEGIN TRANSACTION;
INSERT INTO retailers_and_distributors (id,company,companytype,contact_person,address,town,postcode,telephone,created) VALUES ('1000000','Not Known','RETAILER','Not Known','','','','','');
INSERT INTO retailers_and_distributors (id,company,companytype,contact_person,address,town,postcode,telephone,created) VALUES ('1000001','Not Known','DISTRIBUTOR','Not Known','','','','','');
COMMIT;

----
-- Drop table for graph_reportfields
----
DROP TABLE 'graph_reportfields';

----
-- Table structure for graph_reportfields
----
CREATE TABLE graph_reportfields (id INTEGER PRIMARY KEY NOT NULL, report_type INTEGER, field_name TEXT, field_type TEXT, field_relation TEXT, field_label TEXT, sort_order INTEGER,active INTEGER );

----
-- Data dump for graph_reportfields, a total of 0 rows
----
BEGIN TRANSACTION;
COMMIT;

----
-- Drop index for sqlite_autoindex_Rights_1
----
DROP INDEX 'sqlite_autoindex_Rights_1';

----
-- Structure for index sqlite_autoindex_Rights_1 on table Rights
----
;

----
-- Drop index for sqlite_autoindex_AuthItemChild_1
----
DROP INDEX 'sqlite_autoindex_AuthItemChild_1';

----
-- Structure for index sqlite_autoindex_AuthItemChild_1 on table AuthItemChild
----
;

----
-- Drop index for sqlite_autoindex_AuthItem_1
----
DROP INDEX 'sqlite_autoindex_AuthItem_1';

----
-- Structure for index sqlite_autoindex_AuthItem_1 on table AuthItem
----
;

----
-- Drop index for sqlite_autoindex_AuthAssignment_1
----
DROP INDEX 'sqlite_autoindex_AuthAssignment_1';

----
-- Structure for index sqlite_autoindex_AuthAssignment_1 on table AuthAssignment
----
;
